,Id,Year_Birth,Income
0,1826,1970,84835.0
1,1,1961,57091.0
2,10476,1958,67267.0
3,1386,1967,32474.0
4,5371,1989,21474.0
5,7348,1958,71691.0
6,4073,1954,63564.0
7,1991,1967,44931.0
8,4047,1954,65324.0
9,9477,1954,65324.0
10,2079,1947,81044.0
11,5642,1979,62499.0
12,10530,1959,67786.0
13,2964,1981,26872.0
14,10311,1969,4428.0
15,837,1977,54809.0
16,10521,1977,54809.0
17,10175,1958,32173.0
18,1473,1960,47823.0
19,2795,1958,30523.0
20,2285,1954,36634.0
21,115,1966,43456.0
22,10470,1979,40662.0
23,4065,1976,49544.0
24,10968,1969,57731.0
25,5985,1965,33168.0
26,5430,1956,54450.0
27,8432,1956,54450.0
28,453,1956,35340.0
29,9687,1975,73170.0
30,8890,1971,65808.0
31,9264,1986,79529.0
32,5824,1972,34578.0
33,5794,1974,46374.0
34,3068,1990,18351.0
35,7962,1987,95169.0
36,2681,1984,65370.0
37,10141,1960,39228.0
38,3725,1961,84865.0
39,3767,1968,61314.0
40,5585,1972,21359.0
41,7030,1955,66465.0
42,1524,1983,81698.0
43,3657,1986,39146.0
44,5740,1970,25959.0
45,9595,1961,64260.0
46,3158,1973,32300.0
47,5114,1965,74806.0
48,340,1970,72967.0
49,8805,1960,48904.0
50,1241,1984,14796.0
51,1402,1954,66991.0
52,7264,1978,52195.0
53,1619,1956,90369.0
54,6398,1974,18393.0
55,1857,1952,47139.0
56,4877,1973,38576.0
57,3066,1975,61905.0
58,10286,1962,83715.0
59,1992,1964,60597.0
60,4246,1982,6560.0
61,10623,1961,48330.0
62,4867,1968,38236.0
63,3112,1977,22701.0
64,4865,1974,53367.0
65,6287,1986,34728.0
66,4405,1956,63915.0
67,5332,1960,82504.0
68,1519,1972,38578.0
69,9080,1972,38578.0
70,1772,1975,79174.0
71,5341,1962,81975.0
72,5510,1977,43263.0
73,3887,1970,27242.0
74,7022,1971,76445.0
75,9999,1965,75276.0
76,10352,1963,34213.0
77,7919,1976,72335.0
78,4114,1964,79143.0
79,7990,1947,27469.0
80,9888,1969,68695.0
81,4399,1969,68695.0
82,4452,1957,50388.0
83,4785,1970,77622.0
84,8461,1962,46102.0
85,3878,1980,31859.0
86,9612,1987,23830.0
87,4098,1973,24639.0
88,158,1945,71604.0
89,3896,1984,27255.0
90,9970,1977,55375.0
91,4002,1960,77037.0
92,10914,1970,24163.0
93,7279,1969,69476.0
94,10582,1979,72063.0
95,4470,1962,58646.0
96,6183,1962,58646.0
97,6379,1949,47570.0
98,8601,1980,80011.0
99,4827,1956,54998.0
100,6715,1948,60200.0
101,10676,1982,63211.0
102,1041,1973,48432.0
103,492,1973,48432.0
104,11133,1973,48432.0
105,4491,1949,62845.0
106,873,1949,62845.0
107,1631,1965,65220.0
108,8278,1990,74214.0
109,6815,1980,96547.0
110,254,1955,53863.0
111,1349,1970,50447.0
112,2534,1953,37716.0
113,2130,1982,45203.0
114,2296,1975,37368.0
115,3799,1955,67225.0
116,11084,1976,65104.0
117,5172,1976,65104.0
118,9504,1949,81698.0
119,850,1968,70566.0
120,4477,1958,69096.0
121,1945,1962,71434.0
122,7685,1978,33039.0
123,6310,1978,33039.0
124,10832,1958,46610.0
125,3025,1958,49967.0
126,2404,1976,53359.0
127,8581,1971,49505.0
128,8755,1946,68657.0
129,10177,1954,72071.0
130,2429,1954,72071.0
131,8920,1967,59235.0
132,8430,1957,21994.0
133,8619,1957,21994.0
134,8996,1957,
135,7233,1972,69209.0
136,6678,1989,31928.0
137,830,1987,74004.0
138,6365,1987,30390.0
139,6770,1985,21355.0
140,2261,1969,26304.0
141,1031,1989,85710.0
142,10089,1974,102692.0
143,9256,1971,58350.0
144,10641,1978,7500.0
145,624,1984,18890.0
146,4211,1986,20425.0
147,1407,1986,20425.0
148,10356,1957,41437.0
149,9323,1949,49912.0
150,1146,1949,49912.0
151,6343,1959,79823.0
152,8545,1954,85683.0
153,8275,1965,47025.0
154,10673,1976,68397.0
155,8799,1984,38175.0
156,67,1972,46423.0
157,9923,1972,46423.0
158,2814,1976,30560.0
159,2711,1976,30560.0
160,4320,1979,60152.0
161,10451,1965,29672.0
162,4198,1965,29672.0
163,10814,1947,70321.0
164,944,1962,56181.0
165,8151,1990,24279.0
166,6184,1969,68462.0
167,3498,1976,55424.0
168,2870,1973,49094.0
169,7342,1961,59184.0
170,1911,1987,67430.0
171,10862,1960,30522.0
172,2546,1977,31878.0
173,3005,1992,83528.0
174,8318,1979,90300.0
175,2930,1978,68092.0
176,8216,1972,53761.0
177,1212,1973,52845.0
178,2541,1976,24027.0
179,10659,1979,7500.0
180,10905,1955,42586.0
181,8910,1955,42586.0
182,7349,1973,9722.0
183,7872,1975,86836.0
184,4290,1972,30467.0
185,7408,1952,54549.0
186,9986,1982,19444.0
187,8235,1956,69245.0
188,10949,1963,72968.0
189,7284,1953,48686.0
190,9529,1990,73687.0
191,9930,1944,82716.0
192,10270,1981,35523.0
193,760,1975,60554.0
194,5519,1956,64090.0
195,232,1965,61559.0
196,3009,1962,71670.0
197,6518,1951,67680.0
198,10669,1981,54386.0
199,5682,1953,64108.0
200,1570,1951,69702.0
201,1497,1952,47958.0
202,9723,1960,67716.0
203,7261,1971,34600.0
204,2452,1971,34600.0
205,5621,1969,48752.0
206,10995,1988,15716.0
207,7373,1952,46610.0
208,5331,1977,74985.0
209,263,1945,45576.0
210,4619,1945,113734.0
211,940,1987,57100.0
212,10084,1972,24434.0
213,6019,1971,37126.0
214,1463,1958,45160.0
215,6424,1977,33178.0
216,8233,1950,64866.0
217,1515,1975,34176.0
218,10855,1968,50014.0
219,10909,1948,92344.0
220,3376,1970,55282.0
221,10232,1963,48799.0
222,5547,1982,84169.0
223,8362,1982,84169.0
224,3524,1971,39763.0
225,10095,1975,74165.0
226,8897,1965,42720.0
227,466,1944,65275.0
228,11025,1961,36443.0
229,2387,1952,43776.0
230,1618,1965,56046.0
231,25,1958,65148.0
232,3277,1955,49431.0
233,8566,1961,32583.0
234,2634,1979,16653.0
235,8036,1971,26850.0
236,8159,1968,51287.0
237,7628,1973,43050.0
238,9597,1969,73448.0
239,1384,1992,17256.0
240,10150,1961,86429.0
241,3885,1983,33569.0
242,11003,1980,25130.0
243,8026,1952,62998.0
244,577,1976,26907.0
245,8702,1976,26907.0
246,5429,1948,45579.0
247,977,1957,47320.0
248,2793,1976,70179.0
249,1071,1976,70179.0
250,5074,1986,28072.0
251,2632,1954,50501.0
252,6404,1969,58917.0
253,10240,1949,69372.0
254,2521,1971,35178.0
255,4301,1971,35178.0
256,7381,1968,75693.0
257,2407,1982,69109.0
258,9064,1982,69109.0
259,5067,1994,80134.0
260,10281,1970,64713.0
261,11191,1986,41411.0
262,1994,1983,
263,2552,1955,55521.0
264,6720,1968,43795.0
265,4557,1970,22070.0
266,1183,1949,36408.0
267,4186,1950,34026.0
268,1419,1950,34026.0
269,967,1976,46049.0
270,1048,1972,35641.0
271,9262,1984,32414.0
272,3427,1955,59821.0
273,5892,1980,34968.0
274,8911,1967,56320.0
275,6606,1969,70091.0
276,2677,1956,46097.0
277,252,1963,41003.0
278,9860,1959,44911.0
279,1388,1975,33249.0
280,979,1975,33249.0
281,7494,1950,42873.0
282,10490,1969,51039.0
283,3403,1958,78952.0
284,2715,1966,29435.0
285,4828,1954,79865.0
286,92,1988,34176.0
287,3312,1988,34176.0
288,11176,1970,65968.0
289,1446,1956,86424.0
290,9699,1966,67272.0
291,9790,1957,78499.0
292,2324,1972,77044.0
293,5080,1993,70515.0
294,4992,1975,17459.0
295,7849,1970,80336.0
296,4808,1956,15759.0
297,10401,1976,26326.0
298,7793,1976,62061.0
299,9303,1976,5305.0
300,6853,1982,75777.0
301,7366,1982,75777.0
302,9780,1971,71499.0
303,7573,1978,31626.0
304,1379,1992,42670.0
305,8923,1973,83917.0
306,3547,1969,41021.0
307,8707,1956,79456.0
308,1891,1980,78789.0
309,6271,1952,50870.0
310,9635,1983,35876.0
311,9727,1957,23539.0
312,6205,1967,32557.0
313,10681,1970,62466.0
314,5156,1970,62466.0
315,3050,1966,54198.0
316,8164,1978,82170.0
317,5626,1964,61798.0
318,7600,1992,15253.0
319,6406,1988,78285.0
320,7002,1955,62535.0
321,8234,1973,27190.0
322,6116,1968,48985.0
323,291,1970,72940.0
324,8779,1985,36145.0
325,4931,1977,157146.0
326,1650,1960,81843.0
327,9701,1988,41883.0
328,6431,1964,45759.0
329,10789,1964,45759.0
330,5302,1986,78394.0
331,4459,1989,30279.0
332,10642,1989,30279.0
333,9213,1970,31880.0
334,3678,1973,60208.0
335,3698,1983,78687.0
336,5929,1973,37401.0
337,10795,1973,37401.0
338,4390,1954,75315.0
339,9362,1965,69263.0
340,1577,1946,78569.0
341,4609,1966,57705.0
342,7143,1955,74805.0
343,1729,1961,66426.0
344,10664,1949,51529.0
345,5029,1946,18100.0
346,10507,1977,59601.0
347,3865,1977,20981.0
348,6982,1976,74068.0
349,7042,1983,36790.0
350,9668,1971,18793.0
351,6878,1954,27421.0
352,4099,1972,30675.0
353,5031,1974,83145.0
354,1970,1968,34053.0
355,5726,1983,31788.0
356,5231,1974,45894.0
357,1307,1978,41986.0
358,10609,1962,42769.0
359,5782,1982,58582.0
360,7533,1964,49096.0
361,9493,1980,76412.0
362,2253,1990,18929.0
363,2326,1990,18929.0
364,1876,1990,18929.0
365,7141,1986,21888.0
366,7393,1978,41580.0
367,4713,1979,31605.0
368,5093,1974,25509.0
369,8524,1974,25509.0
370,3766,1959,33051.0
371,9725,1966,28764.0
372,8933,1983,32146.0
373,10779,1983,22148.0
374,9289,1979,36781.0
375,2613,1960,54197.0
376,10133,1970,93790.0
377,8443,1972,24762.0
378,10796,1984,30477.0
379,10241,1975,11448.0
380,3388,1967,70844.0
381,6507,1980,30828.0
382,7446,1967,62513.0
383,87,1981,27733.0
384,10477,1973,39435.0
385,6072,1970,75345.0
386,2518,1986,20491.0
387,247,1971,36715.0
388,9463,1959,71706.0
389,1459,1966,69063.0
390,9530,1988,24645.0
391,9653,1975,35797.0
392,10785,1969,44078.0
393,9392,1971,26954.0
394,3769,1972,
395,10146,1972,38887.0
396,4741,1974,65463.0
397,1880,1959,53537.0
398,6471,1971,36230.0
399,5718,1950,80763.0
400,3478,1971,60585.0
401,7848,1974,49166.0
402,7999,1955,75261.0
403,11101,1991,89891.0
404,9212,1962,72828.0
405,10983,1952,75278.0
406,3629,1978,38557.0
407,4673,1963,81300.0
408,796,1965,60161.0
409,618,1977,69389.0
410,380,1954,64497.0
411,1092,1980,61014.0
412,8962,1975,44319.0
413,8207,1957,53233.0
414,6521,1954,77972.0
415,535,1987,81361.0
416,4608,1987,81361.0
417,11086,1984,25707.0
418,1064,1971,42403.0
419,7000,1972,65704.0
420,1581,1980,37406.0
421,7384,1951,39767.0
422,10552,1979,54210.0
423,6409,1967,57136.0
424,9507,1975,40794.0
425,9560,1965,83003.0
426,10991,1960,89058.0
427,4712,1991,20193.0
428,11056,1974,72099.0
429,7414,1971,43824.0
430,3076,1975,66653.0
431,6355,1978,44359.0
432,7959,1961,79410.0
433,5512,1977,55842.0
434,10102,1966,79946.0
435,9369,1979,88194.0
436,3711,1944,80184.0
437,6931,1967,76982.0
438,9596,1980,65295.0
439,2727,1973,57100.0
440,8416,1981,29009.0
441,3967,1971,78931.0
442,2139,1975,7500.0
443,2162,1976,56939.0
444,9242,1990,64509.0
445,10595,1990,30093.0
446,4855,1974,30351.0
447,5049,1974,30351.0
448,4967,1960,38201.0
449,5255,1986,
450,9215,1980,43974.0
451,3525,1970,38200.0
452,3619,1960,87305.0
453,4415,1961,16860.0
454,3645,1972,27213.0
455,4692,1976,7500.0
456,3955,1965,4861.0
457,5313,1971,38196.0
458,7196,1950,41145.0
459,1381,1982,38513.0
460,10951,1968,45688.0
461,4322,1958,77863.0
462,7444,1969,42169.0
463,2942,1964,45906.0
464,2874,1988,35388.0
465,3667,1969,80952.0
466,3697,1954,39898.0
467,9955,1954,39898.0
468,5320,1973,44051.0
469,6422,1954,86718.0
470,3690,1986,80141.0
471,2408,1976,58597.0
472,9260,1945,70356.0
473,9648,1967,46904.0
474,4939,1946,37760.0
475,8652,1946,37760.0
476,4702,1964,61839.0
477,2587,1972,29791.0
478,2811,1963,48918.0
479,9150,1963,48918.0
480,10127,1965,58692.0
481,5493,1976,39356.0
482,2666,1972,76234.0
483,10099,1984,55434.0
484,10562,1946,66835.0
485,7881,1946,66835.0
486,6721,1951,71965.0
487,5204,1971,74538.0
488,5209,1954,50002.0
489,10128,1958,53977.0
490,9284,1958,53977.0
491,8643,1971,69930.0
492,1685,1967,62981.0
493,2877,1974,46014.0
494,8369,1987,18227.0
495,6233,1976,65991.0
496,195,1972,38808.0
497,1501,1982,160803.0
498,10846,1978,43783.0
499,8341,1969,30396.0
500,10766,1964,65526.0
501,9971,1964,65526.0
502,1740,1944,55956.0
503,8737,1978,55563.0
504,6466,1965,57236.0
505,10430,1973,89694.0
506,8773,1971,57420.0
507,2371,1972,33622.0
508,7786,1986,29999.0
509,4088,1962,31497.0
510,4971,1962,31497.0
511,10560,1980,36802.0
512,6892,1968,61671.0
513,11004,1893,60182.0
514,1818,1971,29732.0
515,9485,1986,45921.0
516,6646,1984,16529.0
517,4248,1960,98777.0
518,7451,1960,98777.0
519,7861,1952,77027.0
520,5232,1965,69139.0
521,3011,1965,69139.0
522,5758,1982,65169.0
523,2173,1952,40049.0
524,10711,1945,69755.0
525,8268,1961,
526,2782,1961,54456.0
527,9432,1977,666666.0
528,5872,1951,60689.0
529,11187,1978,26487.0
530,2428,1970,28164.0
531,1726,1970,22585.0
532,1802,1971,64795.0
533,1162,1987,42000.0
534,10643,1987,42000.0
535,11112,1966,70713.0
536,2114,1946,82800.0
537,4261,1946,82800.0
538,2457,1975,30801.0
539,2495,1974,83891.0
540,6983,1950,38054.0
541,3436,1969,14045.0
542,7505,1957,44155.0
543,4286,1970,57642.0
544,7224,1977,31353.0
545,6215,1977,31353.0
546,968,1968,41335.0
547,4096,1968,41335.0
548,3153,1957,40737.0
549,6504,1975,19789.0
550,5329,1949,35946.0
551,1175,1983,36262.0
552,1377,1954,44551.0
553,4607,1959,71367.0
554,4944,1959,71367.0
555,9483,1959,57957.0
556,1378,1972,50334.0
557,5991,1949,48150.0
558,2807,1969,56796.0
559,1052,1969,56796.0
560,9760,1963,52278.0
561,7101,1963,52278.0
562,9909,1996,7500.0
563,5907,1952,33444.0
564,793,1973,20895.0
565,8832,1976,37509.0
566,2535,1978,88097.0
567,1523,1973,59041.0
568,1839,1974,43322.0
569,9972,1955,46015.0
570,2945,1955,46015.0
571,9291,1959,34242.0
572,2829,1955,65210.0
573,8594,1958,50520.0
574,1592,1970,90765.0
575,4310,1944,80589.0
576,6950,1958,49572.0
577,8492,1978,75437.0
578,5684,1971,44635.0
579,5909,1964,58512.0
580,9855,1952,62000.0
581,975,1956,54252.0
582,8754,1974,45068.0
583,1456,1979,60474.0
584,2849,1979,60474.0
585,9984,1981,56337.0
586,5527,1987,22434.0
587,5628,1982,61416.0
588,7627,1975,92163.0
589,1351,1956,58656.0
590,10629,1973,
591,10395,1986,8940.0
592,6961,1974,26751.0
593,10196,1978,71427.0
594,6182,1984,26646.0
595,10432,1974,19346.0
596,1542,1975,56243.0
597,4220,1970,59892.0
598,4141,1965,71613.0
599,1940,1986,25252.0
600,1506,1975,42160.0
601,6347,1979,15862.0
602,1361,1974,82584.0
603,9422,1989,38360.0
604,1081,1957,75283.0
605,7458,1956,34941.0
606,1012,1952,61823.0
607,5453,1956,90226.0
608,6818,1974,44989.0
609,7807,1974,44989.0
610,7532,1980,43586.0
611,8346,1974,32233.0
612,5564,1969,62882.0
613,3267,1963,57288.0
614,3091,1981,75774.0
615,762,1981,75774.0
616,8029,1988,90247.0
617,4376,1960,32218.0
618,10981,1988,84219.0
619,486,1988,84219.0
620,1158,1966,48877.0
621,9119,1950,60905.0
622,6694,1964,75236.0
623,10573,1953,62551.0
624,10140,1983,70123.0
625,2286,1962,50785.0
626,8420,1970,15315.0
627,10065,1970,15315.0
628,1029,1970,64413.0
629,4207,1981,87171.0
630,10277,1961,30081.0
631,4436,1976,20180.0
632,2929,1976,20180.0
633,6281,1966,55686.0
634,10390,1959,26887.0
635,2574,1977,61996.0
636,709,1952,51537.0
637,5955,1962,72025.0
638,8486,1971,30538.0
639,10343,1991,61618.0
640,6652,1965,77343.0
641,8746,1989,75433.0
642,4686,1962,82571.0
643,3551,1954,60033.0
644,4338,1983,39062.0
645,4444,1972,30023.0
646,498,1970,30015.0
647,8230,1980,33228.0
648,2826,1967,22574.0
649,6222,1967,22574.0
650,7352,1957,55267.0
651,10928,1958,66886.0
652,10736,1971,72258.0
653,10163,1984,82733.0
654,6168,1963,45146.0
655,4656,1990,51250.0
656,626,1951,32871.0
657,3870,1978,63855.0
658,6299,1968,42564.0
659,7798,1972,46344.0
660,9973,1963,50437.0
661,4299,1960,70971.0
662,10971,1977,37774.0
663,9931,1963,4023.0
664,6679,1966,33279.0
665,5961,1978,42693.0
666,6255,1952,70545.0
667,8614,1957,65486.0
668,7828,1981,77882.0
669,1277,1960,78468.0
670,3595,1963,77226.0
671,5735,1991,90638.0
672,5350,1991,90638.0
673,4137,1948,70666.0
674,6357,1959,59052.0
675,9316,1952,13084.0
676,3578,1949,49160.0
677,153,1953,23272.0
678,10524,1963,49476.0
679,1518,1965,62694.0
680,2036,1973,57906.0
681,9495,1982,71853.0
682,2631,1982,71853.0
683,6312,1959,65031.0
684,615,1960,30507.0
685,4406,1970,67419.0
686,10061,1950,59462.0
687,10619,1994,95529.0
688,4945,1953,53653.0
689,1777,1980,25965.0
690,4023,1970,22979.0
691,7922,1951,64950.0
692,10699,1985,44322.0
693,7516,1983,30096.0
694,3129,1983,30096.0
695,5121,1977,56628.0
696,2186,1977,82326.0
697,10548,1995,71163.0
698,6384,1978,71022.0
699,2625,1954,42607.0
700,1676,1975,43057.0
701,5534,1975,47808.0
702,6859,1987,29236.0
703,271,1969,40590.0
704,7699,1969,40590.0
705,7832,1959,77520.0
706,938,1981,40211.0
707,7873,1973,63516.0
708,9967,1974,53034.0
709,1087,1975,22669.0
710,8314,1982,79908.0
711,3762,1986,69867.0
712,10383,1966,70287.0
713,6798,1966,37070.0
714,4168,1966,37070.0
715,6690,1966,38179.0
716,10602,1983,39922.0
717,3220,1983,39922.0
718,5424,1983,39922.0
719,7488,1963,64191.0
720,5289,1975,41658.0
721,347,1976,40780.0
722,5236,1979,77568.0
723,9478,1985,66503.0
724,477,1986,83512.0
725,7411,1964,31686.0
726,3107,1976,71322.0
727,7437,1988,27938.0
728,255,1951,22263.0
729,3790,1956,34633.0
730,749,1981,42162.0
731,1503,1976,162397.0
732,8650,1978,54162.0
733,607,1955,41769.0
734,1008,1981,44953.0
735,9396,1978,37717.0
736,933,1978,37717.0
737,5710,1970,40548.0
738,2882,1975,67893.0
739,2379,1953,69267.0
740,5342,1976,9548.0
741,3262,1958,68281.0
742,5832,1960,92556.0
743,5025,1979,48526.0
744,569,1991,90273.0
745,3102,1981,19414.0
746,9449,1958,79761.0
747,8104,1951,53312.0
748,75,1982,41039.0
749,6421,1961,88347.0
750,3037,1983,50150.0
751,4698,1983,50150.0
752,948,1971,10245.0
753,6177,1985,33454.0
754,3517,1952,40887.0
755,3491,1975,55914.0
756,7610,1983,37292.0
757,4377,1971,52914.0
758,9850,1972,24884.0
759,5544,1970,67384.0
760,6497,1960,51651.0
761,4543,1980,82497.0
762,5117,1963,32632.0
763,1448,1963,33562.0
764,6887,1967,79146.0
765,7500,1967,79146.0
766,2724,1981,36143.0
767,2256,1973,27159.0
768,1100,1960,41275.0
769,7725,1965,76800.0
770,2612,1987,75794.0
771,113,1951,30833.0
772,2868,1949,26518.0
773,4216,1981,91065.0
774,199,1962,45183.0
775,359,1950,48070.0
776,8842,1971,30372.0
777,2154,1971,30372.0
778,6050,1975,57036.0
779,9204,1970,66731.0
780,4472,1970,35682.0
781,6864,1989,10979.0
782,10617,1989,10979.0
783,3924,1965,57912.0
784,5654,1972,36026.0
785,9216,1971,35788.0
786,8086,1959,42243.0
787,9097,1956,46086.0
788,7631,1978,61346.0
789,7275,1971,33316.0
790,8334,1971,33316.0
791,1987,1987,21063.0
792,2281,1970,33697.0
793,7034,1978,25804.0
794,2797,1977,72117.0
795,3934,1966,61286.0
796,2493,1966,61286.0
797,3759,1958,65196.0
798,965,1971,55635.0
799,7378,1981,42021.0
800,1859,1972,75251.0
801,6263,1968,35322.0
802,2072,1969,53374.0
803,8908,1959,87195.0
804,738,1981,42395.0
805,10129,1966,82427.0
806,807,1969,44602.0
807,3334,1951,94642.0
808,5423,1983,28359.0
809,4426,1975,55801.0
810,10489,1973,92955.0
811,2570,1968,56534.0
812,3834,1962,69627.0
813,590,1970,78579.0
814,4791,1980,44964.0
815,5304,1974,30899.0
816,2426,1964,78825.0
817,35,1987,25545.0
818,8041,1971,47111.0
819,3584,1955,49667.0
820,7718,1947,66000.0
821,8605,1964,46910.0
822,1646,1972,25224.0
823,9206,1968,77382.0
824,10757,1967,28420.0
825,6885,1977,32952.0
826,907,1975,46149.0
827,1150,1899,83532.0
828,3867,1947,73059.0
829,3859,1947,73059.0
830,3265,1959,35701.0
831,4418,1983,89616.0
832,4611,1970,105471.0
833,4530,1948,78427.0
834,7736,1986,22518.0
835,9949,1976,59809.0
836,942,1982,39660.0
837,6181,1950,52203.0
838,7660,1973,35860.0
839,2055,1973,35860.0
840,5107,1973,35860.0
841,1626,1973,35860.0
842,6428,1950,76842.0
843,9617,1951,15033.0
844,4339,1970,67353.0
845,7235,1975,17003.0
846,8527,1965,65735.0
847,1968,1971,45684.0
848,9862,1969,21918.0
849,11075,1978,51267.0
850,6658,1972,59868.0
851,4552,1991,51373.0
852,10377,1958,46692.0
853,5336,1971,157733.0
854,10350,1950,54432.0
855,11071,1984,79607.0
856,11100,1972,51813.0
857,6516,1989,17487.0
858,1734,1968,40706.0
859,2131,1959,62859.0
860,6439,1958,61074.0
861,10591,1969,43638.0
862,9797,1956,58116.0
863,9336,1969,62187.0
864,2174,1954,46344.0
865,3197,1980,77353.0
866,9185,1966,69759.0
867,905,1986,21846.0
868,10858,1975,76532.0
869,8925,1965,70053.0
870,2499,1958,75342.0
871,1109,1982,27590.0
872,326,1973,51148.0
873,10967,1963,33378.0
874,5370,1973,32644.0
875,2098,1969,33581.0
876,1773,1978,12393.0
877,5036,1984,42710.0
878,4856,1957,82347.0
879,8722,1957,82347.0
880,2156,1955,22554.0
881,2569,1987,17323.0
882,10151,1960,62204.0
883,10473,1956,78028.0
884,7079,1962,63887.0
885,6875,1965,32727.0
886,6728,1985,29103.0
887,2471,1965,61482.0
888,49,1970,20587.0
889,4973,1970,20587.0
890,6387,1976,52190.0
891,5866,1974,48186.0
892,8523,1968,19329.0
893,7901,1971,34109.0
894,898,1986,23477.0
895,10242,1966,47472.0
896,5835,1976,14849.0
897,6919,1978,26224.0
898,6197,1962,27238.0
899,10475,1970,
900,4201,1962,57967.0
901,5092,1949,51569.0
902,6566,1954,72550.0
903,6613,1970,44511.0
904,9094,1955,62972.0
905,9847,1955,62972.0
906,10767,1989,77845.0
907,7943,1975,36663.0
908,1055,1976,53204.0
909,1458,1982,21059.0
910,8402,1953,67087.0
911,6246,1953,73892.0
912,4654,1992,75114.0
913,6103,1948,42192.0
914,8147,1960,31454.0
915,10207,1978,22775.0
916,4838,1978,22775.0
917,10219,1972,31590.0
918,2176,1972,80134.0
919,9121,1972,80134.0
920,5802,1972,14188.0
921,10790,1985,18169.0
922,178,1956,62503.0
923,2308,1954,46734.0
924,7431,1991,68126.0
925,9405,1954,52869.0
926,10525,1986,26576.0
927,7503,1976,75825.0
928,8783,1950,57045.0
929,1403,1975,34984.0
930,4643,1973,27803.0
931,3463,1975,69283.0
932,4055,1992,18746.0
933,7010,1965,70924.0
934,4767,1965,70924.0
935,1927,1973,69401.0
936,437,1976,75012.0
937,4331,1978,85738.0
938,4084,1975,60934.0
939,8135,1986,27161.0
940,9750,1961,64325.0
941,6682,1973,18978.0
942,10581,1977,41124.0
943,3710,1984,39684.0
944,5207,1963,53378.0
945,9360,1982,37040.0
946,4679,1977,78710.0
947,1340,1986,92910.0
948,10839,1976,36283.0
949,5303,1974,79632.0
950,9829,1978,28587.0
951,10469,1981,88325.0
952,3602,1958,51412.0
953,4756,1952,63998.0
954,8181,1978,38593.0
955,6958,1977,27889.0
956,10856,1980,45889.0
957,3321,1967,56575.0
958,5394,1979,16014.0
959,433,1958,61331.0
960,6320,1976,70893.0
961,5376,1979,2447.0
962,1867,1957,64849.0
963,4324,1989,42387.0
964,3661,1995,80617.0
965,521,1985,54006.0
966,10403,1978,16531.0
967,7186,1966,30843.0
968,4329,1984,18988.0
969,4394,1965,81051.0
970,1717,1988,39747.0
971,1016,1959,34554.0
972,3783,1959,52854.0
973,5848,1970,81205.0
974,10727,1970,69084.0
975,5299,1970,69084.0
976,6872,1974,65352.0
977,1143,1972,22063.0
978,10381,1979,47691.0
979,11007,1968,29187.0
980,9145,1972,72504.0
981,5267,1970,33986.0
982,9738,1986,42386.0
983,10212,1986,42386.0
984,10010,1953,36957.0
985,10069,1988,13724.0
986,2694,1967,42664.0
987,10613,1958,37334.0
988,4646,1951,78497.0
989,6935,1951,78497.0
990,5596,1956,58821.0
991,1044,1953,58398.0
992,9274,1961,80950.0
993,9076,1980,30732.0
994,4947,1966,89572.0
995,10176,1968,57107.0
996,3507,1970,76467.0
997,9235,1957,
998,10341,1948,51315.0
999,2639,1966,43602.0
1000,6201,1978,38643.0
1001,7397,1951,49090.0
1002,2181,1970,70617.0
1003,1204,1970,67536.0
1004,1170,1975,27573.0
1005,8812,1979,13533.0
1006,4690,1953,50725.0
1007,1715,1978,25851.0
1008,10821,1978,57113.0
1009,6543,1945,62847.0
1010,7119,1982,68627.0
1011,3518,1983,25271.0
1012,1245,1966,63810.0
1013,2561,1966,63810.0
1014,9624,1958,65488.0
1015,10509,1955,36927.0
1016,7629,1977,22108.0
1017,7875,1949,72025.0
1018,2815,1975,33183.0
1019,2936,1982,23661.0
1020,3665,1977,25315.0
1021,10888,1961,45938.0
1022,6637,1988,66951.0
1023,5077,1979,77298.0
1024,6173,1979,77298.0
1025,3969,1974,43018.0
1026,4580,1969,75759.0
1027,663,1989,33996.0
1028,8299,1989,33996.0
1029,8945,1970,54137.0
1030,10870,1967,61223.0
1031,1184,1968,69674.0
1032,6141,1972,49494.0
1033,8825,1962,51195.0
1034,2217,1975,37284.0
1035,4102,1975,37284.0
1036,4653,1978,42011.0
1037,10092,1954,70044.0
1038,5788,1972,46053.0
1039,4669,1981,24480.0
1040,6295,1977,54233.0
1041,7453,1954,36130.0
1042,10841,1975,56559.0
1043,821,1992,92859.0
1044,3933,1980,44010.0
1045,1225,1963,80124.0
1046,7059,1963,80124.0
1047,5633,1980,50183.0
1048,843,1971,64722.0
1049,6211,1976,37395.0
1050,7007,1968,29543.0
1051,9671,1968,19514.0
1052,8975,1968,19514.0
1053,6616,1975,59481.0
1054,6248,1947,91712.0
1055,7428,1975,80144.0
1056,3075,1972,59973.0
1057,2937,1974,68352.0
1058,203,1975,81169.0
1059,2021,1975,61456.0
1060,880,1966,22634.0
1061,524,1966,22634.0
1062,10837,1975,23957.0
1063,7011,1973,33471.0
1064,4184,1950,52157.0
1065,7679,1985,30298.0
1066,7485,1950,56551.0
1067,7530,1950,56551.0
1068,4369,1957,65487.0
1069,10652,1957,65487.0
1070,286,1952,44213.0
1071,5922,1974,40344.0
1072,7250,1978,57867.0
1073,2478,1973,25410.0
1074,1160,1970,13260.0
1075,9214,1991,42691.0
1076,273,1970,36138.0
1077,851,1972,57136.0
1078,9729,1955,58275.0
1079,9665,1957,54237.0
1080,2620,1974,34596.0
1081,8254,1974,34596.0
1082,3852,1961,74881.0
1083,1000,1961,74881.0
1084,3099,1970,44267.0
1085,6318,1988,68487.0
1086,5396,1988,68487.0
1087,7966,1959,80982.0
1088,454,1980,69508.0
1089,309,1961,63342.0
1090,3571,1961,63342.0
1091,8395,1961,82014.0
1092,2591,1959,76320.0
1093,1640,1954,64587.0
1094,810,1975,74190.0
1095,9423,1979,32765.0
1096,4345,1964,
1097,89,1975,22212.0
1098,5294,1989,18358.0
1099,1321,1974,26067.0
1100,2686,1969,22390.0
1101,1215,1978,70440.0
1102,9283,1978,60199.0
1103,3120,1981,38547.0
1104,5868,1980,19107.0
1105,8143,1985,37929.0
1106,3479,1950,16813.0
1107,7214,1957,62187.0
1108,5543,1966,57811.0
1109,9347,1956,50943.0
1110,10160,1956,50943.0
1111,1406,1975,53201.0
1112,7019,1963,54414.0
1113,2157,1972,26290.0
1114,8939,1959,61250.0
1115,10250,1947,28389.0
1116,1272,1965,55250.0
1117,3007,1966,37758.0
1118,5513,1966,37758.0
1119,679,1957,37633.0
1120,8876,1963,33629.0
1121,10827,1967,36947.0
1122,7300,1952,69142.0
1123,4268,1959,53154.0
1124,4603,1960,65695.0
1125,8659,1952,69805.0
1126,10708,1978,36975.0
1127,1176,1973,26228.0
1128,10380,1972,37787.0
1129,7037,1974,37087.0
1130,11096,1952,57247.0
1131,6374,1954,36930.0
1132,5552,1963,48721.0
1133,2245,1969,43641.0
1134,6200,1951,75903.0
1135,9904,1956,71391.0
1136,10031,1976,16927.0
1137,6642,1961,27215.0
1138,10882,1976,53858.0
1139,5636,1963,30983.0
1140,8692,1952,43462.0
1141,8091,1956,63943.0
1142,8080,1986,26816.0
1143,8370,1976,75484.0
1144,4550,1966,33564.0
1145,3381,1953,54348.0
1146,10556,1959,54984.0
1147,9467,1984,34738.0
1148,2891,1963,68118.0
1149,5011,1963,68118.0
1150,8140,1973,22682.0
1151,11039,1975,51948.0
1152,78,1969,25293.0
1153,5517,1969,25293.0
1154,5290,1964,41551.0
1155,4128,1962,56067.0
1156,8534,1952,67433.0
1157,9592,1983,22010.0
1158,8957,1952,64831.0
1159,9308,1954,62820.0
1160,544,1954,62820.0
1161,5989,1959,78353.0
1162,635,1966,57183.0
1163,6673,1965,23478.0
1164,1710,1978,30168.0
1165,523,1989,37155.0
1166,8977,1985,16581.0
1167,9736,1980,41850.0
1168,1544,1967,81380.0
1169,6575,1981,56386.0
1170,6147,1971,25818.0
1171,6354,1984,15345.0
1172,4769,1977,57954.0
1173,7540,1952,50300.0
1174,5247,1955,38725.0
1175,5987,1989,10404.0
1176,9960,1991,26868.0
1177,10972,1949,72298.0
1178,1399,1958,72905.0
1179,2698,1976,47025.0
1180,6340,1985,29938.0
1181,4107,1948,46681.0
1182,10906,1948,46681.0
1183,2557,1970,29548.0
1184,8786,1956,62058.0
1185,7187,1969,
1186,6119,1963,36736.0
1187,2980,1952,8820.0
1188,3850,1963,14918.0
1189,1077,1974,56715.0
1190,9733,1978,24882.0
1191,8462,1978,24882.0
1192,4764,1952,40442.0
1193,2223,1965,64176.0
1194,7788,1983,23536.0
1195,5827,1958,35246.0
1196,2958,1978,28442.0
1197,4954,1956,48195.0
1198,3139,1982,74116.0
1199,9952,1947,78093.0
1200,8180,1952,59354.0
1201,3276,1976,36301.0
1202,4994,1943,77598.0
1203,3598,1972,62710.0
1204,945,1965,36317.0
1205,5048,1971,42767.0
1206,6214,1982,43815.0
1207,6230,1971,44421.0
1208,2968,1943,48948.0
1209,8800,1943,48948.0
1210,1907,1950,63120.0
1211,10478,1950,55517.0
1212,4188,1957,36864.0
1213,8720,1978,
1214,2225,1977,82582.0
1215,4790,1958,79803.0
1216,1131,1967,52569.0
1217,202,1948,82032.0
1218,9589,1948,82032.0
1219,3900,1972,65685.0
1220,9958,1972,65685.0
1221,8955,1957,40451.0
1222,10033,1973,31163.0
1223,5751,1973,31163.0
1224,3308,1952,35704.0
1225,7297,1973,7500.0
1226,8008,1983,36075.0
1227,1232,1982,70038.0
1228,2345,1982,70038.0
1229,1628,1971,71796.0
1230,5081,1967,47821.0
1231,839,1975,45503.0
1232,3706,1978,28647.0
1233,5154,1972,37760.0
1234,8584,1952,85431.0
1235,6583,1955,72635.0
1236,3433,1955,72635.0
1237,10486,1948,77142.0
1238,8687,1978,53172.0
1239,7842,1968,36065.0
1240,3749,1973,73926.0
1241,1331,1977,35790.0
1242,5995,1962,39552.0
1243,8985,1964,68316.0
1244,2798,1977,102160.0
1245,7108,1965,51390.0
1246,2781,1981,72066.0
1247,3623,1976,21675.0
1248,194,1965,48006.0
1249,10833,1975,65106.0
1250,2315,1960,58401.0
1251,6336,1960,29315.0
1252,10738,1951,49389.0
1253,8286,1965,51717.0
1254,2166,1960,46779.0
1255,10691,1960,28520.0
1256,9739,1963,34377.0
1257,1829,1961,54959.0
1258,6260,1955,82384.0
1259,10448,1956,46998.0
1260,1343,1968,58554.0
1261,4749,1968,58554.0
1262,531,1954,57333.0
1263,6905,1994,80685.0
1264,1045,1965,52117.0
1265,4012,1972,62220.0
1266,5529,1946,64014.0
1267,4001,1946,64014.0
1268,10420,1955,46390.0
1269,7723,1979,75507.0
1270,2963,1979,75507.0
1271,10634,1951,59412.0
1272,5180,1968,50616.0
1273,6866,1969,35924.0
1274,1328,1982,57937.0
1275,1139,1984,73356.0
1276,4961,1974,21255.0
1277,5177,1974,58494.0
1278,2075,1969,72460.0
1279,3428,1991,68682.0
1280,4500,1991,68682.0
1281,7369,1981,36959.0
1282,4381,1971,46463.0
1283,9964,1979,61825.0
1284,1630,1979,61825.0
1285,5012,1989,28691.0
1286,6918,1989,28691.0
1287,7822,1976,54058.0
1288,10156,1975,84196.0
1289,3033,1963,38620.0
1290,4119,1963,38620.0
1291,11110,1973,3502.0
1292,332,1957,47743.0
1293,737,1949,80360.0
1294,10319,1971,66303.0
1295,2683,1969,52413.0
1296,3445,1956,60714.0
1297,10913,1984,31385.0
1298,4427,1995,83257.0
1299,8717,1975,80427.0
1300,2066,1949,38823.0
1301,3340,1977,42014.0
1302,8685,1977,42014.0
1303,4149,1948,76140.0
1304,8726,1964,41713.0
1305,2295,1954,62670.0
1306,3283,1972,70932.0
1307,1915,1951,78939.0
1308,800,1960,44512.0
1309,9166,1968,63967.0
1310,5147,1948,90842.0
1311,13,1947,25358.0
1312,8557,1982,
1313,8724,1982,28567.0
1314,9381,1978,66373.0
1315,9384,1978,66373.0
1316,3560,1952,83844.0
1317,241,1952,83844.0
1318,7521,1952,83844.0
1319,9799,1968,83664.0
1320,5123,1951,27450.0
1321,448,1978,54880.0
1322,4837,1965,71322.0
1323,9365,1976,60000.0
1324,8932,1969,65176.0
1325,7055,1952,61010.0
1326,3537,1981,31089.0
1327,9081,1988,20518.0
1328,4988,1948,34469.0
1329,1050,1952,28332.0
1330,5610,1965,33456.0
1331,3526,1968,38443.0
1332,5136,1973,65333.0
1333,1411,1952,82623.0
1334,701,1971,73691.0
1335,6203,1947,74485.0
1336,7192,1955,65748.0
1337,5181,1982,24367.0
1338,9220,1971,91700.0
1339,7734,1993,79244.0
1340,10446,1957,82017.0
1341,5524,1957,58138.0
1342,3830,1953,59354.0
1343,5186,1955,58482.0
1344,8514,1976,29478.0
1345,7165,1972,64474.0
1346,10236,1975,31160.0
1347,2392,1972,40321.0
1348,1920,1972,40321.0
1349,3673,1971,55239.0
1350,1453,1943,57513.0
1351,4518,1979,85693.0
1352,8969,1977,71855.0
1353,387,1976,7500.0
1354,1079,1971,71969.0
1355,164,1977,28973.0
1356,3434,1951,80872.0
1357,5721,1956,84117.0
1358,8418,1958,38741.0
1359,5300,1973,38961.0
1360,10424,1968,75922.0
1361,11171,1965,56962.0
1362,1600,1965,56962.0
1363,7851,1949,70165.0
1364,10701,1973,65308.0
1365,891,1951,29298.0
1366,6912,1967,63246.0
1367,5967,1952,33402.0
1368,2109,1990,96843.0
1369,6292,1986,82333.0
1370,8537,1949,72643.0
1371,9576,1982,32313.0
1372,5935,1956,55284.0
1373,10264,1979,15287.0
1374,234,1979,15287.0
1375,3202,1987,51563.0
1376,1103,1976,81929.0
1377,610,1953,53593.0
1378,4480,1973,60432.0
1379,10660,1957,66726.0
1380,9353,1959,62450.0
1381,4120,1975,49514.0
1382,2836,1972,43269.0
1383,9579,1959,33762.0
1384,5841,1966,60894.0
1385,3174,1959,87771.0
1386,5536,1959,87771.0
1387,2061,1955,50737.0
1388,8477,1956,26150.0
1389,640,1951,57304.0
1390,3828,1951,71107.0
1391,4093,1975,53253.0
1392,8624,1958,81320.0
1393,2802,1992,87000.0
1394,368,1974,40049.0
1395,3599,1970,63684.0
1396,3389,1970,69016.0
1397,10710,1979,7500.0
1398,7118,1957,73803.0
1399,4937,1973,46094.0
1400,1127,1973,85844.0
1401,833,1955,38452.0
1402,3565,1955,38452.0
1403,6086,1955,80395.0
1404,1763,1988,87679.0
1405,4697,1949,35416.0
1406,182,1946,44124.0
1407,1165,1958,50729.0
1408,5386,1953,94384.0
1409,6024,1953,94384.0
1410,2678,1990,34412.0
1411,5790,1985,31158.0
1412,236,1951,34838.0
1413,6001,1979,56775.0
1414,6250,1949,54356.0
1415,1168,1978,72159.0
1416,10749,1991,8028.0
1417,2926,1952,55951.0
1418,716,1949,67911.0
1419,6544,1949,67911.0
1420,4298,1973,20427.0
1421,5823,1970,32303.0
1422,8375,1968,55954.0
1423,5723,1976,49187.0
1424,5763,1972,49854.0
1425,8727,1978,63693.0
1426,3056,1978,63693.0
1427,8442,1985,19510.0
1428,3712,1959,52332.0
1429,10722,1973,55593.0
1430,2406,1949,54591.0
1431,7313,1949,74859.0
1432,2656,1971,40851.0
1433,1993,1949,58607.0
1434,4136,1992,7500.0
1435,2928,1975,52614.0
1436,2920,1975,52614.0
1437,6661,1974,67445.0
1438,5462,1974,67445.0
1439,10897,1974,67445.0
1440,10542,1968,36778.0
1441,5756,1983,39453.0
1442,3570,1969,42731.0
1443,1072,1965,40760.0
1444,9606,1965,69969.0
1445,2730,1955,80317.0
1446,2995,1957,66636.0
1447,8210,1975,54730.0
1448,773,1971,42835.0
1449,5272,1965,53843.0
1450,5125,1960,79530.0
1451,4391,1968,63841.0
1452,6283,1968,63841.0
1453,3421,1968,63841.0
1454,5731,1983,27100.0
1455,7152,1983,27100.0
1456,3919,1976,72309.0
1457,6097,1959,50664.0
1458,5150,1979,20194.0
1459,10479,1975,76618.0
1460,5966,1974,45207.0
1461,3439,1972,56721.0
1462,6609,1966,27038.0
1463,5393,1977,23763.0
1464,9014,1975,37085.0
1465,4050,1966,49605.0
1466,6862,1971,1730.0
1467,8315,1995,34824.0
1468,5184,1995,34824.0
1469,3643,1974,63206.0
1470,2589,1972,26759.0
1471,4887,1976,55412.0
1472,10104,1974,33590.0
1473,3254,1971,70886.0
1474,2004,1969,72679.0
1475,6142,1943,65073.0
1476,8553,1965,44300.0
1477,9805,1953,56129.0
1478,849,1953,56129.0
1479,1606,1971,38590.0
1480,125,1958,53083.0
1481,9305,1976,79689.0
1482,4706,1966,34704.0
1483,4437,1962,65316.0
1484,3081,1978,41014.0
1485,3536,1960,19740.0
1486,8686,1979,23724.0
1487,9707,1969,55212.0
1488,10872,1969,55212.0
1489,9058,1955,79800.0
1490,4640,1967,70647.0
1491,2525,1974,38410.0
1492,9503,1980,28071.0
1493,10704,1969,54803.0
1494,2669,1993,74293.0
1495,10037,1993,74293.0
1496,5680,1984,35684.0
1497,3726,1986,34320.0
1498,4548,1981,41967.0
1499,4599,1976,49681.0
1500,879,1976,49681.0
1501,7409,1970,53187.0
1502,1964,1951,86610.0
1503,0,1985,70951.0
1504,4860,1970,24206.0
1505,425,1985,55357.0
1506,9500,1959,58113.0
1507,3074,1984,70643.0
1508,5140,1985,64355.0
1509,2611,1959,82576.0
1510,916,1972,41644.0
1511,10413,1984,72570.0
1512,3696,1965,30630.0
1513,304,1981,22944.0
1514,5113,1971,86979.0
1515,2863,1970,
1516,4597,1970,82072.0
1517,675,1973,52034.0
1518,4483,1993,72354.0
1519,1502,1983,28427.0
1520,736,1983,28427.0
1521,4487,1969,39858.0
1522,3412,1951,67381.0
1523,1744,1965,23529.0
1524,5837,1967,51479.0
1525,3422,1975,76068.0
1526,7462,1954,22507.0
1527,10702,1984,52413.0
1528,2115,1957,50116.0
1529,4138,1962,76624.0
1530,11091,1953,34587.0
1531,7712,1946,62159.0
1532,3535,1965,66294.0
1533,5899,1950,5648.0
1534,8749,1984,37235.0
1535,10955,1964,85620.0
1536,9491,1984,23976.0
1537,5286,1987,41020.0
1538,3409,1984,36108.0
1539,2544,1951,57530.0
1540,2118,1964,62905.0
1541,9370,1945,65846.0
1542,4864,1977,34380.0
1543,405,1964,41638.0
1544,10513,1992,63207.0
1545,5138,1950,28320.0
1546,8387,1957,43140.0
1547,378,1971,52531.0
1548,5846,1977,40246.0
1549,8870,1984,35196.0
1550,10340,1984,35196.0
1551,7290,1985,70596.0
1552,8895,1985,70596.0
1553,3635,1962,52597.0
1554,11178,1972,42394.0
1555,2410,1969,81657.0
1556,3281,1960,49154.0
1557,9905,1952,34074.0
1558,2437,1989,
1559,2565,1955,70638.0
1560,7912,1978,38136.0
1561,7072,1973,67432.0
1562,1409,1951,40689.0
1563,5314,1951,40689.0
1564,7215,1983,101970.0
1565,8858,1972,44325.0
1566,895,1948,61467.0
1567,10313,1975,48178.0
1568,642,1980,16005.0
1569,8504,1973,79593.0
1570,1020,1973,79593.0
1571,3717,1959,61180.0
1572,7646,1989,64449.0
1573,5796,1963,77437.0
1574,8625,1976,17649.0
1575,5407,1954,53103.0
1576,4356,1971,71819.0
1577,2886,1971,74290.0
1578,10057,1951,72282.0
1579,10741,1951,47352.0
1580,5491,1951,47352.0
1581,4442,1961,46524.0
1582,3972,1976,50200.0
1583,2431,1990,18222.0
1584,7899,1952,77610.0
1585,9703,1970,38097.0
1586,6927,1968,44377.0
1587,7005,1981,58684.0
1588,246,1965,66480.0
1589,4796,1952,49638.0
1590,4725,1950,50616.0
1591,3286,1967,26642.0
1592,10680,1986,33235.0
1593,4297,1969,23228.0
1594,7327,1959,36732.0
1595,1553,1946,82657.0
1596,1665,1964,64140.0
1597,10640,1974,44392.0
1598,7620,1990,16185.0
1599,7761,1978,38702.0
1600,5062,1963,54072.0
1601,6349,1987,61787.0
1602,3386,1992,34935.0
1603,8175,1992,34935.0
1604,6245,1950,59292.0
1605,8780,1950,59292.0
1606,2276,1955,57959.0
1607,1172,1983,92491.0
1608,3225,1984,42207.0
1609,8629,1956,46984.0
1610,798,1987,23442.0
1611,269,1963,46757.0
1612,8213,1980,14515.0
1613,10245,1986,80910.0
1614,2447,1979,30545.0
1615,9817,1970,44802.0
1616,1371,1976,79941.0
1617,8093,1969,79734.0
1618,713,1977,50353.0
1619,11051,1956,77376.0
1620,5545,1972,78075.0
1621,5283,1976,42473.0
1622,5010,1988,25008.0
1623,7495,1948,56223.0
1624,4368,1980,47850.0
1625,6303,1986,91820.0
1626,1030,1965,40637.0
1627,10364,1959,23295.0
1628,6945,1952,84574.0
1629,8562,1969,54165.0
1630,2918,1981,28510.0
1631,9167,1956,67131.0
1632,4743,1969,56242.0
1633,10742,1983,86580.0
1634,10965,1955,76005.0
1635,7129,1962,54693.0
1636,3732,1955,52750.0
1637,7124,1968,36997.0
1638,10686,1965,34230.0
1639,7247,1960,47916.0
1640,1513,1979,60839.0
1641,460,1972,79930.0
1642,6653,1970,55158.0
1643,9400,1958,85485.0
1644,7106,1943,75865.0
1645,4252,1965,44375.0
1646,9240,1971,60504.0
1647,10770,1959,65492.0
1648,176,1980,67506.0
1649,6870,1959,68805.0
1650,143,1970,61209.0
1651,6445,1967,66825.0
1652,4278,1983,87188.0
1653,6906,1953,84953.0
1654,4637,1954,74637.0
1655,8690,1962,86111.0
1656,1173,1947,77632.0
1657,1928,1973,31814.0
1658,9029,1972,70116.0
1659,10299,1969,48240.0
1660,9246,1985,40101.0
1661,4943,1953,70503.0
1662,4122,1975,79205.0
1663,2853,1980,51766.0
1664,902,1980,62994.0
1665,1672,1974,65640.0
1666,7254,1969,38361.0
1667,8775,1969,38361.0
1668,9543,1985,19986.0
1669,7093,1985,19986.0
1670,2894,1985,72903.0
1671,5956,1948,45072.0
1672,1921,1967,59062.0
1673,5057,1961,61794.0
1674,10260,1965,45143.0
1675,2262,1965,45143.0
1676,7930,1969,26877.0
1677,1461,1965,36921.0
1678,7514,1956,54342.0
1679,6461,1969,62772.0
1680,257,1959,75032.0
1681,9460,1963,22419.0
1682,3855,1963,22419.0
1683,367,1978,36550.0
1684,9265,1953,75027.0
1685,1990,1974,63159.0
1686,3594,1973,54108.0
1687,9292,1952,81795.0
1688,6218,1965,59594.0
1689,6528,1982,18492.0
1690,10164,1958,94472.0
1691,9937,1979,70337.0
1692,274,1973,34853.0
1693,5250,1943,
1694,11010,1984,16269.0
1695,6969,1982,50272.0
1696,10735,1971,22804.0
1697,5068,1971,22804.0
1698,9974,1974,30631.0
1699,7053,1966,78420.0
1700,3179,1980,81741.0
1701,8082,1971,25721.0
1702,1362,1972,31907.0
1703,6768,1962,37859.0
1704,2375,1972,30261.0
1705,6856,1979,21645.0
1706,4066,1978,21282.0
1707,4333,1954,32144.0
1708,2948,1954,62637.0
1709,4927,1971,16626.0
1710,7426,1971,54690.0
1711,8360,1971,54690.0
1712,4058,1955,61284.0
1713,10755,1976,23718.0
1714,8414,1962,33419.0
1715,6810,1983,82025.0
1716,3839,1958,15056.0
1717,3483,1958,48192.0
1718,238,1967,67309.0
1719,591,1957,66033.0
1720,5063,1977,28769.0
1721,4303,1957,6835.0
1722,2258,1986,32880.0
1723,7301,1982,23616.0
1724,11121,1981,19419.0
1725,5287,1973,34961.0
1726,6457,1976,64892.0
1727,3559,1988,16248.0
1728,5577,1983,43776.0
1729,641,1967,52074.0
1730,954,1960,22123.0
1731,1834,1978,35544.0
1732,8789,1989,59060.0
1733,10584,1976,65665.0
1734,2337,1971,29819.0
1735,6071,1989,81217.0
1736,295,1989,81217.0
1737,10203,1990,26095.0
1738,3968,1970,65706.0
1739,4037,1976,31859.0
1740,6932,1941,93027.0
1741,10159,1970,58710.0
1742,1177,1966,49618.0
1743,9426,1964,58308.0
1744,10637,1964,40800.0
1745,10826,1959,18690.0
1746,4086,1959,18690.0
1747,10304,1959,18690.0
1748,7998,1958,28087.0
1749,10992,1967,75702.0
1750,6383,1971,32892.0
1751,10536,1971,32892.0
1752,6036,1959,89120.0
1753,11092,1961,27116.0
1754,538,1989,46107.0
1755,10022,1973,54466.0
1756,10157,1965,59686.0
1757,3503,1950,82460.0
1758,146,1960,76045.0
1759,5538,1975,83829.0
1760,3910,1975,83829.0
1761,4227,1968,32889.0
1762,6634,1979,33462.0
1763,8916,1975,36627.0
1764,6460,1982,28718.0
1765,5883,1972,77981.0
1766,10091,1956,60230.0
1767,697,1969,74918.0
1768,2607,1953,40464.0
1769,8427,1956,64857.0
1770,217,1956,64857.0
1771,6202,1960,63381.0
1772,3856,1960,63381.0
1773,10648,1982,66664.0
1774,5120,1982,66664.0
1775,6749,1966,86358.0
1776,1584,1977,41443.0
1777,9559,1961,57072.0
1778,771,1967,54178.0
1779,5237,1950,48767.0
1780,2461,1955,51124.0
1781,5474,1970,43020.0
1782,2895,1963,49980.0
1783,7972,1955,72906.0
1784,10067,1976,25176.0
1785,500,1977,96876.0
1786,922,1979,31086.0
1787,2861,1983,24072.0
1788,375,1954,76773.0
1789,10936,1965,72190.0
1790,10314,1948,83837.0
1791,4240,1978,17345.0
1792,2674,1958,75154.0
1793,2563,1961,28249.0
1794,8312,1961,28249.0
1795,6999,1980,69661.0
1796,7574,1979,27922.0
1797,5223,1966,45903.0
1798,2952,1977,36273.0
1799,7683,1968,70777.0
1800,9481,1976,17148.0
1801,9907,1969,66476.0
1802,5454,1979,45057.0
1803,3798,1968,41120.0
1804,7281,1959,
1805,4259,1986,19485.0
1806,2549,1983,21840.0
1807,6437,1985,41473.0
1808,2488,1956,31395.0
1809,3945,1947,68117.0
1810,702,1975,47682.0
1811,9010,1972,83151.0
1812,9710,1969,58086.0
1813,1509,1958,84460.0
1814,9120,1962,66565.0
1815,5252,1969,23910.0
1816,5959,1968,35893.0
1817,7441,1973,71128.0
1818,4271,1989,38683.0
1819,4095,1971,37150.0
1820,8852,1976,61064.0
1821,7698,1976,51650.0
1822,4174,1956,55249.0
1823,3182,1973,46854.0
1824,193,1996,14421.0
1825,5229,1969,54132.0
1826,5555,1975,153924.0
1827,7732,1978,64813.0
1828,310,1970,61872.0
1829,6261,1979,58025.0
1830,6274,1948,83790.0
1831,1655,1979,34350.0
1832,2740,1958,33438.0
1833,4328,1986,21955.0
1834,17,1971,60491.0
1835,9153,1964,59304.0
1836,520,1974,34421.0
1837,8372,1974,34421.0
1838,73,1953,51411.0
1839,2002,1958,71964.0
1840,6059,1953,64504.0
1841,11166,1961,49678.0
1842,6257,1976,60482.0
1843,9224,1972,55260.0
1844,8732,1969,67369.0
1845,955,1962,47175.0
1846,4910,1967,68743.0
1847,564,1981,56937.0
1848,8931,1986,83033.0
1849,1998,1976,37697.0
1850,1250,1976,37697.0
1851,8397,1951,44689.0
1852,9672,1970,23162.0
1853,2125,1959,63033.0
1854,5975,1967,40304.0
1855,983,1984,40059.0
1856,9938,1954,80067.0
1857,4385,1981,36038.0
1858,1612,1981,
1859,803,1968,40521.0
1860,10675,1956,66334.0
1861,7004,1984,11012.0
1862,4432,1976,31615.0
1863,5079,1971,
1864,4475,1949,69098.0
1865,10868,1951,70792.0
1866,6742,1979,17688.0
1867,5692,1989,25443.0
1868,339,1972,57091.0
1869,10398,1981,24336.0
1870,8017,1981,51111.0
1871,3722,1972,44503.0
1872,7326,1971,56850.0
1873,2416,1969,66582.0
1874,1878,1985,23148.0
1875,5278,1964,82224.0
1876,5734,1974,61917.0
1877,4370,1966,43482.0
1878,8405,1979,68274.0
1879,7617,1974,42373.0
1880,10339,1954,
1881,6376,1979,57537.0
1882,2150,1958,80995.0
1883,7386,1976,30992.0
1884,3006,1976,30992.0
1885,11088,1971,78642.0
1886,5185,1955,74268.0
1887,3523,1962,75072.0
1888,55,1963,56253.0
1889,3807,1955,59925.0
1890,2453,1960,62807.0
1891,7787,1960,62807.0
1892,2230,1970,23626.0
1893,8146,1976,46106.0
1894,988,1965,81168.0
1895,4832,1979,27244.0
1896,3152,1957,26091.0
1897,11188,1957,26091.0
1898,361,1969,43142.0
1899,5939,1971,38232.0
1900,9349,1985,92533.0
1901,819,1945,63285.0
1902,10120,1955,38946.0
1903,4541,1955,38946.0
1904,2456,1975,40233.0
1905,2516,1969,46831.0
1906,11013,1987,67605.0
1907,9988,1976,70379.0
1908,1627,1957,77297.0
1909,1490,1962,55759.0
1910,6710,1951,58217.0
1911,7375,1976,51369.0
1912,10144,1976,51369.0
1913,3138,1956,91249.0
1914,1440,1978,52513.0
1915,4200,1970,44159.0
1916,4998,1962,76081.0
1917,7321,1962,76081.0
1918,8663,1974,39996.0
1919,1958,1973,55012.0
1920,6963,1947,77457.0
1921,1065,1963,80695.0
1922,2712,1956,71866.0
1923,6049,1982,73450.0
1924,6605,1944,55614.0
1925,11181,1949,156924.0
1926,5234,1967,30753.0
1927,5253,1956,54603.0
1928,11148,1975,22280.0
1929,6289,1951,59385.0
1930,9743,1955,76998.0
1931,9209,1971,80573.0
1932,6417,1971,80573.0
1933,7937,1982,24711.0
1934,6488,1959,38829.0
1935,3194,1974,71466.0
1936,231,1956,28839.0
1937,9697,1951,53790.0
1938,4676,1951,73705.0
1939,8079,1982,22448.0
1940,10032,1976,12571.0
1941,10505,1960,73113.0
1942,2005,1990,35765.0
1943,6940,1966,46734.0
1944,2304,1963,66313.0
1945,3170,1957,68148.0
1946,10466,1965,44393.0
1947,7325,1986,38197.0
1948,455,1946,51012.0
1949,7592,1946,51012.0
1950,4547,1960,13672.0
1951,6825,1953,41452.0
1952,2961,1982,42081.0
1953,8700,1986,14906.0
1954,2278,1985,33812.0
1955,10703,1975,46098.0
1956,9,1975,46098.0
1957,2804,1975,46098.0
1958,4915,1956,53230.0
1959,3010,1989,88420.0
1960,4279,1963,39548.0
1961,2564,1953,61278.0
1962,1137,1964,81246.0
1963,5084,1975,58330.0
1964,7094,1975,58330.0
1965,6327,1967,65777.0
1966,6131,1980,70829.0
1967,5798,1973,
1968,10379,1962,59247.0
1969,606,1967,25930.0
1970,7801,1959,54753.0
1971,2445,1974,28440.0
1972,5346,1973,23559.0
1973,550,1952,62335.0
1974,4478,1979,63777.0
1975,2350,1972,59666.0
1976,1118,1956,50965.0
1977,1491,1965,71488.0
1978,4507,1952,72228.0
1979,7023,1953,46231.0
1980,6977,1974,75702.0
1981,4042,1971,43300.0
1982,7274,1957,78618.0
1983,2902,1958,
1984,3332,1985,29760.0
1985,7433,1985,29760.0
1986,9386,1962,50127.0
1987,5176,1988,29604.0
1988,10323,1952,49413.0
1989,4682,1958,51876.0
1990,3083,1974,45837.0
1991,8015,1962,85696.0
1992,1745,1962,85696.0
1993,3136,1962,59432.0
1994,6991,1951,43185.0
1995,8132,1975,60631.0
1996,503,1985,20559.0
1997,8148,1956,50898.0
1998,2736,1978,73807.0
1999,8162,1956,14661.0
2000,692,1954,36807.0
2001,7706,1975,46772.0
2002,9298,1947,81574.0
2003,2986,1976,30772.0
2004,10812,1978,46377.0
2005,2909,1974,78128.0
2006,6974,1972,83443.0
2007,9140,1960,50523.0
2008,4554,1965,47009.0
2009,7791,1967,37054.0
2010,5455,1971,32011.0
2011,7960,1962,82122.0
2012,3426,1975,70300.0
2013,5316,1976,21024.0
2014,1404,1968,34916.0
2015,10598,1967,27943.0
2016,8212,1971,39791.0
2017,3233,1965,62745.0
2018,7892,1969,18589.0
2019,2975,1976,85606.0
2020,5043,1951,26997.0
2021,3104,1961,82332.0
2022,10854,1970,38853.0
2023,7419,1968,27071.0
2024,5558,1954,90933.0
2025,832,1966,65814.0
2026,4964,1958,74250.0
2027,11030,1976,33181.0
2028,4587,1944,45006.0
2029,450,1958,42315.0
2030,11031,1950,48699.0
2031,4990,1954,59111.0
2032,221,1955,48726.0
2033,4351,1955,37244.0
2034,1357,1970,74854.0
2035,5667,1964,60896.0
2036,8867,1988,67546.0
2037,2747,1988,67546.0
2038,7422,1987,46923.0
2039,4148,1972,38988.0
2040,9516,1971,49118.0
2041,1291,1978,27683.0
2042,1833,1974,39190.0
2043,7270,1981,56981.0
2044,8182,1984,23228.0
2045,10394,1984,90000.0
2046,1142,1953,55707.0
2047,451,1989,9255.0
2048,7128,1977,42997.0
2049,10678,1959,71232.0
2050,7755,1954,57744.0
2051,4754,1966,33585.0
2052,20,1965,46891.0
2053,2246,1965,46891.0
2054,10307,1956,50387.0
2055,2147,1969,76653.0
2056,10590,1956,76542.0
2057,6565,1949,76995.0
2058,6619,1978,38415.0
2059,4817,1956,22304.0
2060,4508,1952,75127.0
2061,4843,1952,75127.0
2062,9197,1953,39722.0
2063,6237,1966,7144.0
2064,6515,1977,39771.0
2065,5954,1972,42618.0
2066,7938,1958,51518.0
2067,961,1972,74716.0
2068,1764,1975,33955.0
2069,1916,1954,45736.0
2070,6941,1971,31632.0
2071,5562,1974,60093.0
2072,1517,1969,30822.0
2073,7286,1968,41728.0
2074,4687,1958,80739.0
2075,5631,1991,49767.0
2076,1951,1981,34445.0
2077,123,1951,67046.0
2078,9451,1965,73538.0
2079,7396,1966,80398.0
2080,3298,1956,52973.0
2081,6730,1954,38998.0
2082,9916,1954,38998.0
2083,2227,1958,26490.0
2084,946,1958,26490.0
2085,3745,1988,23331.0
2086,4094,1961,60544.0
2087,8588,1961,60544.0
2088,3916,1971,49269.0
2089,9135,1950,27203.0
2090,1755,1988,45204.0
2091,2875,1978,67023.0
2092,2008,1978,77583.0
2093,10925,1983,76630.0
2094,1604,1960,47353.0
2095,5389,1964,48920.0
2096,2878,1947,67472.0
2097,4440,1964,64100.0
2098,1324,1988,38872.0
2099,6262,1962,72217.0
2100,3628,1987,15038.0
2101,3641,1976,13624.0
2102,322,1978,42554.0
2103,175,1986,71952.0
2104,6988,1986,71952.0
2105,8204,1971,78041.0
2106,7476,1964,63972.0
2107,5221,1957,52852.0
2108,8970,1972,62010.0
2109,9286,1960,83151.0
2110,5831,1967,77870.0
2111,1010,1977,46931.0
2112,11074,1977,85072.0
2113,5896,1987,73395.0
2114,3515,1952,62307.0
2115,5324,1981,58293.0
2116,6534,1974,47889.0
2117,8373,1979,24594.0
2118,3829,1979,24594.0
2119,4501,1965,69882.0
2120,4179,1959,24221.0
2121,2292,1985,22327.0
2122,9239,1961,61923.0
2123,8953,1965,35791.0
2124,10258,1965,35791.0
2125,3520,1990,91172.0
2126,10402,1967,35441.0
2127,11114,1970,19656.0
2128,9553,1987,7500.0
2129,6055,1979,71626.0
2130,4786,1977,75330.0
2131,5015,1976,34529.0
2132,8560,1992,48789.0
2133,3469,1977,34487.0
2134,5885,1973,35688.0
2135,3310,1973,35688.0
2136,2134,1952,53700.0
2137,2532,1987,73454.0
2138,2579,1957,71113.0
2139,3117,1955,
2140,5623,1980,31535.0
2141,4789,1953,80812.0
2142,9523,1982,40479.0
2143,5268,1960,29440.0
2144,1545,1986,38508.0
2145,2254,1983,69520.0
2146,2661,1964,18701.0
2147,3130,1964,18701.0
2148,5847,1969,69901.0
2149,5863,1953,47703.0
2150,999,1991,86037.0
2151,2931,1978,71847.0
2152,1890,1971,42033.0
2153,5589,1964,51983.0
2154,10172,1988,68655.0
2155,6729,1988,68655.0
2156,10492,1959,38285.0
2157,2939,1970,79419.0
2158,5948,1975,57338.0
2159,574,1964,42523.0
2160,3266,1964,42523.0
2161,10500,1984,31761.0
2162,7987,1969,65747.0
2163,1135,1960,17144.0
2164,24,1960,17144.0
2165,7244,1951,
2166,1966,1965,84618.0
2167,7789,1965,84618.0
2168,3336,1948,66375.0
2169,5644,1957,42213.0
2170,1295,1963,
2171,6663,1940,51141.0
2172,10262,1980,15072.0
2173,456,1986,7500.0
2174,3270,1978,17117.0
2175,5748,1965,59754.0
2176,8952,1953,65569.0
2177,3921,1952,28457.0
2178,9826,1972,86857.0
2179,5830,1972,86857.0
2180,8310,1964,68142.0
2181,6382,1953,48794.0
2182,8439,1964,63404.0
2183,7613,1974,49669.0
2184,48,1964,55761.0
2185,5046,1958,78331.0
2186,3231,1973,37971.0
2187,7181,1977,30368.0
2188,1663,1978,34043.0
2189,5441,1965,54111.0
2190,8602,1964,69932.0
2191,9925,1981,39665.0
2192,9499,1954,93404.0
2193,6568,1984,38680.0
2194,3032,1984,24570.0
2195,5153,1967,77766.0
2196,4127,1967,77766.0
2197,9940,1958,64961.0
2198,7527,1968,23748.0
2199,3406,1964,45989.0
2200,9771,1988,23331.0
2201,6722,1954,70421.0
2202,213,1963,23091.0
2203,8541,1990,24683.0
2204,8475,1973,157243.0
2205,8070,1973,54222.0
2206,313,1968,73455.0
2207,9757,1972,84906.0
2208,2088,1972,84906.0
2209,2320,1978,47025.0
2210,966,1966,44529.0
2211,9706,1974,31560.0
2212,3979,1983,90687.0
2213,5602,1989,66973.0
2214,2202,1978,41154.0
2215,9645,1968,64590.0
2216,7230,1960,50611.0
2217,5675,1960,50611.0
2218,4974,1970,83273.0
2219,5687,1980,81702.0
2220,5871,1979,24401.0
2221,3846,1974,42557.0
2222,10001,1985,7500.0
2223,2831,1976,78416.0
2224,868,1966,44794.0
2225,7212,1966,44794.0
2226,1743,1974,69719.0
2227,2415,1962,62568.0
2228,7947,1969,42231.0
2229,2106,1974,20130.0
2230,3363,1974,20130.0
2231,8595,1973,42429.0
2232,7232,1973,42429.0
2233,7829,1900,36640.0
2234,9977,1973,78901.0
2235,10142,1976,66476.0
2236,5263,1977,31056.0
2237,22,1976,46310.0
2238,528,1978,65819.0
2239,4070,1969,94871.0
