Id,Year_Birth,Income
1826,1970,84835.0
1,1961,57091.0
10476,1958,67267.0
1386,1967,32474.0
5371,1989,21474.0
7348,1958,71691.0
4073,1954,63564.0
1991,1967,44931.0
4047,1954,65324.0
9477,1954,65324.0
2079,1947,81044.0
5642,1979,62499.0
10530,1959,67786.0
2964,1981,26872.0
10311,1969,4428.0
837,1977,54809.0
10521,1977,54809.0
10175,1958,32173.0
1473,1960,47823.0
2795,1958,30523.0
2285,1954,36634.0
115,1966,43456.0
10470,1979,40662.0
4065,1976,49544.0
10968,1969,57731.0
5985,1965,33168.0
5430,1956,54450.0
8432,1956,54450.0
453,1956,35340.0
9687,1975,73170.0
8890,1971,65808.0
9264,1986,79529.0
5824,1972,34578.0
5794,1974,46374.0
3068,1990,18351.0
7962,1987,95169.0
2681,1984,65370.0
10141,1960,39228.0
3725,1961,84865.0
3767,1968,61314.0
5585,1972,21359.0
7030,1955,66465.0
1524,1983,81698.0
3657,1986,39146.0
5740,1970,25959.0
9595,1961,64260.0
3158,1973,32300.0
5114,1965,74806.0
340,1970,72967.0
8805,1960,48904.0
1241,1984,14796.0
1402,1954,66991.0
7264,1978,52195.0
1619,1956,90369.0
6398,1974,18393.0
1857,1952,47139.0
4877,1973,38576.0
3066,1975,61905.0
10286,1962,83715.0
1992,1964,60597.0
4246,1982,6560.0
10623,1961,48330.0
4867,1968,38236.0
3112,1977,22701.0
4865,1974,53367.0
6287,1986,34728.0
4405,1956,63915.0
5332,1960,82504.0
1519,1972,38578.0
9080,1972,38578.0
1772,1975,79174.0
5341,1962,81975.0
5510,1977,43263.0
3887,1970,27242.0
7022,1971,76445.0
9999,1965,75276.0
10352,1963,34213.0
7919,1976,72335.0
4114,1964,79143.0
7990,1947,27469.0
9888,1969,68695.0
4399,1969,68695.0
4452,1957,50388.0
4785,1970,77622.0
8461,1962,46102.0
3878,1980,31859.0
9612,1987,23830.0
4098,1973,24639.0
158,1945,71604.0
3896,1984,27255.0
9970,1977,55375.0
4002,1960,77037.0
10914,1970,24163.0
7279,1969,69476.0
10582,1979,72063.0
4470,1962,58646.0
6183,1962,58646.0
6379,1949,47570.0
8601,1980,80011.0
4827,1956,54998.0
6715,1948,60200.0
10676,1982,63211.0
1041,1973,48432.0
492,1973,48432.0
11133,1973,48432.0
4491,1949,62845.0
873,1949,62845.0
1631,1965,65220.0
8278,1990,74214.0
6815,1980,96547.0
254,1955,53863.0
1349,1970,50447.0
2534,1953,37716.0
2130,1982,45203.0
2296,1975,37368.0
3799,1955,67225.0
11084,1976,65104.0
5172,1976,65104.0
9504,1949,81698.0
850,1968,70566.0
4477,1958,69096.0
1945,1962,71434.0
7685,1978,33039.0
6310,1978,33039.0
10832,1958,46610.0
3025,1958,49967.0
2404,1976,53359.0
8581,1971,49505.0
8755,1946,68657.0
10177,1954,72071.0
2429,1954,72071.0
8920,1967,59235.0
8430,1957,21994.0
8619,1957,21994.0
8996,1957,
7233,1972,69209.0
6678,1989,31928.0
830,1987,74004.0
6365,1987,30390.0
6770,1985,21355.0
2261,1969,26304.0
1031,1989,85710.0
10089,1974,102692.0
9256,1971,58350.0
10641,1978,7500.0
624,1984,18890.0
4211,1986,20425.0
1407,1986,20425.0
10356,1957,41437.0
9323,1949,49912.0
1146,1949,49912.0
6343,1959,79823.0
8545,1954,85683.0
8275,1965,47025.0
10673,1976,68397.0
8799,1984,38175.0
67,1972,46423.0
9923,1972,46423.0
2814,1976,30560.0
2711,1976,30560.0
4320,1979,60152.0
10451,1965,29672.0
4198,1965,29672.0
10814,1947,70321.0
944,1962,56181.0
8151,1990,24279.0
6184,1969,68462.0
3498,1976,55424.0
2870,1973,49094.0
7342,1961,59184.0
1911,1987,67430.0
10862,1960,30522.0
2546,1977,31878.0
3005,1992,83528.0
8318,1979,90300.0
2930,1978,68092.0
8216,1972,53761.0
1212,1973,52845.0
2541,1976,24027.0
10659,1979,7500.0
10905,1955,42586.0
8910,1955,42586.0
7349,1973,9722.0
7872,1975,86836.0
4290,1972,30467.0
7408,1952,54549.0
9986,1982,19444.0
8235,1956,69245.0
10949,1963,72968.0
7284,1953,48686.0
9529,1990,73687.0
9930,1944,82716.0
10270,1981,35523.0
760,1975,60554.0
5519,1956,64090.0
232,1965,61559.0
3009,1962,71670.0
6518,1951,67680.0
10669,1981,54386.0
5682,1953,64108.0
1570,1951,69702.0
1497,1952,47958.0
9723,1960,67716.0
7261,1971,34600.0
2452,1971,34600.0
5621,1969,48752.0
10995,1988,15716.0
7373,1952,46610.0
5331,1977,74985.0
263,1945,45576.0
4619,1945,113734.0
940,1987,57100.0
10084,1972,24434.0
6019,1971,37126.0
1463,1958,45160.0
6424,1977,33178.0
8233,1950,64866.0
1515,1975,34176.0
10855,1968,50014.0
10909,1948,92344.0
3376,1970,55282.0
10232,1963,48799.0
5547,1982,84169.0
8362,1982,84169.0
3524,1971,39763.0
10095,1975,74165.0
8897,1965,42720.0
466,1944,65275.0
11025,1961,36443.0
2387,1952,43776.0
1618,1965,56046.0
25,1958,65148.0
3277,1955,49431.0
8566,1961,32583.0
2634,1979,16653.0
8036,1971,26850.0
8159,1968,51287.0
7628,1973,43050.0
9597,1969,73448.0
1384,1992,17256.0
10150,1961,86429.0
3885,1983,33569.0
11003,1980,25130.0
8026,1952,62998.0
577,1976,26907.0
8702,1976,26907.0
5429,1948,45579.0
977,1957,47320.0
2793,1976,70179.0
1071,1976,70179.0
5074,1986,28072.0
2632,1954,50501.0
6404,1969,58917.0
10240,1949,69372.0
2521,1971,35178.0
4301,1971,35178.0
7381,1968,75693.0
2407,1982,69109.0
9064,1982,69109.0
5067,1994,80134.0
10281,1970,64713.0
11191,1986,41411.0
1994,1983,
2552,1955,55521.0
6720,1968,43795.0
4557,1970,22070.0
1183,1949,36408.0
4186,1950,34026.0
1419,1950,34026.0
967,1976,46049.0
1048,1972,35641.0
9262,1984,32414.0
3427,1955,59821.0
5892,1980,34968.0
8911,1967,56320.0
6606,1969,70091.0
2677,1956,46097.0
252,1963,41003.0
9860,1959,44911.0
1388,1975,33249.0
979,1975,33249.0
7494,1950,42873.0
10490,1969,51039.0
3403,1958,78952.0
2715,1966,29435.0
4828,1954,79865.0
92,1988,34176.0
3312,1988,34176.0
11176,1970,65968.0
1446,1956,86424.0
9699,1966,67272.0
9790,1957,78499.0
2324,1972,77044.0
5080,1993,70515.0
4992,1975,17459.0
7849,1970,80336.0
4808,1956,15759.0
10401,1976,26326.0
7793,1976,62061.0
9303,1976,5305.0
6853,1982,75777.0
7366,1982,75777.0
9780,1971,71499.0
7573,1978,31626.0
1379,1992,42670.0
8923,1973,83917.0
3547,1969,41021.0
8707,1956,79456.0
1891,1980,78789.0
6271,1952,50870.0
9635,1983,35876.0
9727,1957,23539.0
6205,1967,32557.0
10681,1970,62466.0
5156,1970,62466.0
3050,1966,54198.0
8164,1978,82170.0
5626,1964,61798.0
7600,1992,15253.0
6406,1988,78285.0
7002,1955,62535.0
8234,1973,27190.0
6116,1968,48985.0
291,1970,72940.0
8779,1985,36145.0
4931,1977,157146.0
1650,1960,81843.0
9701,1988,41883.0
6431,1964,45759.0
10789,1964,45759.0
5302,1986,78394.0
4459,1989,30279.0
10642,1989,30279.0
9213,1970,31880.0
3678,1973,60208.0
3698,1983,78687.0
5929,1973,37401.0
10795,1973,37401.0
4390,1954,75315.0
9362,1965,69263.0
1577,1946,78569.0
4609,1966,57705.0
7143,1955,74805.0
1729,1961,66426.0
10664,1949,51529.0
5029,1946,18100.0
10507,1977,59601.0
3865,1977,20981.0
6982,1976,74068.0
7042,1983,36790.0
9668,1971,18793.0
6878,1954,27421.0
4099,1972,30675.0
5031,1974,83145.0
1970,1968,34053.0
5726,1983,31788.0
5231,1974,45894.0
1307,1978,41986.0
10609,1962,42769.0
5782,1982,58582.0
7533,1964,49096.0
9493,1980,76412.0
2253,1990,18929.0
2326,1990,18929.0
1876,1990,18929.0
7141,1986,21888.0
7393,1978,41580.0
4713,1979,31605.0
5093,1974,25509.0
8524,1974,25509.0
3766,1959,33051.0
9725,1966,28764.0
8933,1983,32146.0
10779,1983,22148.0
9289,1979,36781.0
2613,1960,54197.0
10133,1970,93790.0
8443,1972,24762.0
10796,1984,30477.0
10241,1975,11448.0
3388,1967,70844.0
6507,1980,30828.0
7446,1967,62513.0
87,1981,27733.0
10477,1973,39435.0
6072,1970,75345.0
2518,1986,20491.0
247,1971,36715.0
9463,1959,71706.0
1459,1966,69063.0
9530,1988,24645.0
9653,1975,35797.0
10785,1969,44078.0
9392,1971,26954.0
3769,1972,
10146,1972,38887.0
4741,1974,65463.0
1880,1959,53537.0
6471,1971,36230.0
5718,1950,80763.0
3478,1971,60585.0
7848,1974,49166.0
7999,1955,75261.0
11101,1991,89891.0
9212,1962,72828.0
10983,1952,75278.0
3629,1978,38557.0
4673,1963,81300.0
796,1965,60161.0
618,1977,69389.0
380,1954,64497.0
1092,1980,61014.0
8962,1975,44319.0
8207,1957,53233.0
6521,1954,77972.0
535,1987,81361.0
4608,1987,81361.0
11086,1984,25707.0
1064,1971,42403.0
7000,1972,65704.0
1581,1980,37406.0
7384,1951,39767.0
10552,1979,54210.0
6409,1967,57136.0
9507,1975,40794.0
9560,1965,83003.0
10991,1960,89058.0
4712,1991,20193.0
11056,1974,72099.0
7414,1971,43824.0
3076,1975,66653.0
6355,1978,44359.0
7959,1961,79410.0
5512,1977,55842.0
10102,1966,79946.0
9369,1979,88194.0
3711,1944,80184.0
6931,1967,76982.0
9596,1980,65295.0
2727,1973,57100.0
8416,1981,29009.0
3967,1971,78931.0
2139,1975,7500.0
2162,1976,56939.0
9242,1990,64509.0
10595,1990,30093.0
4855,1974,30351.0
5049,1974,30351.0
4967,1960,38201.0
5255,1986,
9215,1980,43974.0
3525,1970,38200.0
3619,1960,87305.0
4415,1961,16860.0
3645,1972,27213.0
4692,1976,7500.0
3955,1965,4861.0
5313,1971,38196.0
7196,1950,41145.0
1381,1982,38513.0
10951,1968,45688.0
4322,1958,77863.0
7444,1969,42169.0
2942,1964,45906.0
2874,1988,35388.0
3667,1969,80952.0
3697,1954,39898.0
9955,1954,39898.0
5320,1973,44051.0
6422,1954,86718.0
3690,1986,80141.0
2408,1976,58597.0
9260,1945,70356.0
9648,1967,46904.0
4939,1946,37760.0
8652,1946,37760.0
4702,1964,61839.0
2587,1972,29791.0
2811,1963,48918.0
9150,1963,48918.0
10127,1965,58692.0
5493,1976,39356.0
2666,1972,76234.0
10099,1984,55434.0
10562,1946,66835.0
7881,1946,66835.0
6721,1951,71965.0
5204,1971,74538.0
5209,1954,50002.0
10128,1958,53977.0
9284,1958,53977.0
8643,1971,69930.0
1685,1967,62981.0
2877,1974,46014.0
8369,1987,18227.0
6233,1976,65991.0
195,1972,38808.0
1501,1982,160803.0
10846,1978,43783.0
8341,1969,30396.0
10766,1964,65526.0
9971,1964,65526.0
1740,1944,55956.0
8737,1978,55563.0
6466,1965,57236.0
10430,1973,89694.0
8773,1971,57420.0
2371,1972,33622.0
7786,1986,29999.0
4088,1962,31497.0
4971,1962,31497.0
10560,1980,36802.0
6892,1968,61671.0
11004,1893,60182.0
1818,1971,29732.0
9485,1986,45921.0
6646,1984,16529.0
4248,1960,98777.0
7451,1960,98777.0
7861,1952,77027.0
5232,1965,69139.0
3011,1965,69139.0
5758,1982,65169.0
2173,1952,40049.0
10711,1945,69755.0
8268,1961,
2782,1961,54456.0
9432,1977,666666.0
5872,1951,60689.0
11187,1978,26487.0
2428,1970,28164.0
1726,1970,22585.0
1802,1971,64795.0
1162,1987,42000.0
10643,1987,42000.0
11112,1966,70713.0
2114,1946,82800.0
4261,1946,82800.0
2457,1975,30801.0
2495,1974,83891.0
6983,1950,38054.0
3436,1969,14045.0
7505,1957,44155.0
4286,1970,57642.0
7224,1977,31353.0
6215,1977,31353.0
968,1968,41335.0
4096,1968,41335.0
3153,1957,40737.0
6504,1975,19789.0
5329,1949,35946.0
1175,1983,36262.0
1377,1954,44551.0
4607,1959,71367.0
4944,1959,71367.0
9483,1959,57957.0
1378,1972,50334.0
5991,1949,48150.0
2807,1969,56796.0
1052,1969,56796.0
9760,1963,52278.0
7101,1963,52278.0
9909,1996,7500.0
5907,1952,33444.0
793,1973,20895.0
8832,1976,37509.0
2535,1978,88097.0
1523,1973,59041.0
1839,1974,43322.0
9972,1955,46015.0
2945,1955,46015.0
9291,1959,34242.0
2829,1955,65210.0
8594,1958,50520.0
1592,1970,90765.0
4310,1944,80589.0
6950,1958,49572.0
8492,1978,75437.0
5684,1971,44635.0
5909,1964,58512.0
9855,1952,62000.0
975,1956,54252.0
8754,1974,45068.0
1456,1979,60474.0
2849,1979,60474.0
9984,1981,56337.0
5527,1987,22434.0
5628,1982,61416.0
7627,1975,92163.0
1351,1956,58656.0
10629,1973,
10395,1986,8940.0
6961,1974,26751.0
10196,1978,71427.0
6182,1984,26646.0
10432,1974,19346.0
1542,1975,56243.0
4220,1970,59892.0
4141,1965,71613.0
1940,1986,25252.0
1506,1975,42160.0
6347,1979,15862.0
1361,1974,82584.0
9422,1989,38360.0
1081,1957,75283.0
7458,1956,34941.0
1012,1952,61823.0
5453,1956,90226.0
6818,1974,44989.0
7807,1974,44989.0
7532,1980,43586.0
8346,1974,32233.0
5564,1969,62882.0
3267,1963,57288.0
3091,1981,75774.0
762,1981,75774.0
8029,1988,90247.0
4376,1960,32218.0
10981,1988,84219.0
486,1988,84219.0
1158,1966,48877.0
9119,1950,60905.0
6694,1964,75236.0
10573,1953,62551.0
10140,1983,70123.0
2286,1962,50785.0
8420,1970,15315.0
10065,1970,15315.0
1029,1970,64413.0
4207,1981,87171.0
10277,1961,30081.0
4436,1976,20180.0
2929,1976,20180.0
6281,1966,55686.0
10390,1959,26887.0
2574,1977,61996.0
709,1952,51537.0
5955,1962,72025.0
8486,1971,30538.0
10343,1991,61618.0
6652,1965,77343.0
8746,1989,75433.0
4686,1962,82571.0
3551,1954,60033.0
4338,1983,39062.0
4444,1972,30023.0
498,1970,30015.0
8230,1980,33228.0
2826,1967,22574.0
6222,1967,22574.0
7352,1957,55267.0
10928,1958,66886.0
10736,1971,72258.0
10163,1984,82733.0
6168,1963,45146.0
4656,1990,51250.0
626,1951,32871.0
3870,1978,63855.0
6299,1968,42564.0
7798,1972,46344.0
9973,1963,50437.0
4299,1960,70971.0
10971,1977,37774.0
9931,1963,4023.0
6679,1966,33279.0
5961,1978,42693.0
6255,1952,70545.0
8614,1957,65486.0
7828,1981,77882.0
1277,1960,78468.0
3595,1963,77226.0
5735,1991,90638.0
5350,1991,90638.0
4137,1948,70666.0
6357,1959,59052.0
9316,1952,13084.0
3578,1949,49160.0
153,1953,23272.0
10524,1963,49476.0
1518,1965,62694.0
2036,1973,57906.0
9495,1982,71853.0
2631,1982,71853.0
6312,1959,65031.0
615,1960,30507.0
4406,1970,67419.0
10061,1950,59462.0
10619,1994,95529.0
4945,1953,53653.0
1777,1980,25965.0
4023,1970,22979.0
7922,1951,64950.0
10699,1985,44322.0
7516,1983,30096.0
3129,1983,30096.0
5121,1977,56628.0
2186,1977,82326.0
10548,1995,71163.0
6384,1978,71022.0
2625,1954,42607.0
1676,1975,43057.0
5534,1975,47808.0
6859,1987,29236.0
271,1969,40590.0
7699,1969,40590.0
7832,1959,77520.0
938,1981,40211.0
7873,1973,63516.0
9967,1974,53034.0
1087,1975,22669.0
8314,1982,79908.0
3762,1986,69867.0
10383,1966,70287.0
6798,1966,37070.0
4168,1966,37070.0
6690,1966,38179.0
10602,1983,39922.0
3220,1983,39922.0
5424,1983,39922.0
7488,1963,64191.0
5289,1975,41658.0
347,1976,40780.0
5236,1979,77568.0
9478,1985,66503.0
477,1986,83512.0
7411,1964,31686.0
3107,1976,71322.0
7437,1988,27938.0
255,1951,22263.0
3790,1956,34633.0
749,1981,42162.0
1503,1976,162397.0
8650,1978,54162.0
607,1955,41769.0
1008,1981,44953.0
9396,1978,37717.0
933,1978,37717.0
5710,1970,40548.0
2882,1975,67893.0
2379,1953,69267.0
5342,1976,9548.0
3262,1958,68281.0
5832,1960,92556.0
5025,1979,48526.0
569,1991,90273.0
3102,1981,19414.0
9449,1958,79761.0
8104,1951,53312.0
75,1982,41039.0
6421,1961,88347.0
3037,1983,50150.0
4698,1983,50150.0
948,1971,10245.0
6177,1985,33454.0
3517,1952,40887.0
3491,1975,55914.0
7610,1983,37292.0
4377,1971,52914.0
9850,1972,24884.0
5544,1970,67384.0
6497,1960,51651.0
4543,1980,82497.0
5117,1963,32632.0
1448,1963,33562.0
6887,1967,79146.0
7500,1967,79146.0
2724,1981,36143.0
2256,1973,27159.0
1100,1960,41275.0
7725,1965,76800.0
2612,1987,75794.0
113,1951,30833.0
2868,1949,26518.0
4216,1981,91065.0
199,1962,45183.0
359,1950,48070.0
8842,1971,30372.0
2154,1971,30372.0
6050,1975,57036.0
9204,1970,66731.0
4472,1970,35682.0
6864,1989,10979.0
10617,1989,10979.0
3924,1965,57912.0
5654,1972,36026.0
9216,1971,35788.0
8086,1959,42243.0
9097,1956,46086.0
7631,1978,61346.0
7275,1971,33316.0
8334,1971,33316.0
1987,1987,21063.0
2281,1970,33697.0
7034,1978,25804.0
2797,1977,72117.0
3934,1966,61286.0
2493,1966,61286.0
3759,1958,65196.0
965,1971,55635.0
7378,1981,42021.0
1859,1972,75251.0
6263,1968,35322.0
2072,1969,53374.0
8908,1959,87195.0
738,1981,42395.0
10129,1966,82427.0
807,1969,44602.0
3334,1951,94642.0
5423,1983,28359.0
4426,1975,55801.0
10489,1973,92955.0
2570,1968,56534.0
3834,1962,69627.0
590,1970,78579.0
4791,1980,44964.0
5304,1974,30899.0
2426,1964,78825.0
35,1987,25545.0
8041,1971,47111.0
3584,1955,49667.0
7718,1947,66000.0
8605,1964,46910.0
1646,1972,25224.0
9206,1968,77382.0
10757,1967,28420.0
6885,1977,32952.0
907,1975,46149.0
1150,1899,83532.0
3867,1947,73059.0
3859,1947,73059.0
3265,1959,35701.0
4418,1983,89616.0
4611,1970,105471.0
4530,1948,78427.0
7736,1986,22518.0
9949,1976,59809.0
942,1982,39660.0
6181,1950,52203.0
7660,1973,35860.0
2055,1973,35860.0
5107,1973,35860.0
1626,1973,35860.0
6428,1950,76842.0
9617,1951,15033.0
4339,1970,67353.0
7235,1975,17003.0
8527,1965,65735.0
1968,1971,45684.0
9862,1969,21918.0
11075,1978,51267.0
6658,1972,59868.0
4552,1991,51373.0
10377,1958,46692.0
5336,1971,157733.0
10350,1950,54432.0
11071,1984,79607.0
11100,1972,51813.0
6516,1989,17487.0
1734,1968,40706.0
2131,1959,62859.0
6439,1958,61074.0
10591,1969,43638.0
9797,1956,58116.0
9336,1969,62187.0
2174,1954,46344.0
3197,1980,77353.0
9185,1966,69759.0
905,1986,21846.0
10858,1975,76532.0
8925,1965,70053.0
2499,1958,75342.0
1109,1982,27590.0
326,1973,51148.0
10967,1963,33378.0
5370,1973,32644.0
2098,1969,33581.0
1773,1978,12393.0
5036,1984,42710.0
4856,1957,82347.0
8722,1957,82347.0
2156,1955,22554.0
2569,1987,17323.0
10151,1960,62204.0
10473,1956,78028.0
7079,1962,63887.0
6875,1965,32727.0
6728,1985,29103.0
2471,1965,61482.0
49,1970,20587.0
4973,1970,20587.0
6387,1976,52190.0
5866,1974,48186.0
8523,1968,19329.0
7901,1971,34109.0
898,1986,23477.0
10242,1966,47472.0
5835,1976,14849.0
6919,1978,26224.0
6197,1962,27238.0
10475,1970,
4201,1962,57967.0
5092,1949,51569.0
6566,1954,72550.0
6613,1970,44511.0
9094,1955,62972.0
9847,1955,62972.0
10767,1989,77845.0
7943,1975,36663.0
1055,1976,53204.0
1458,1982,21059.0
8402,1953,67087.0
6246,1953,73892.0
4654,1992,75114.0
6103,1948,42192.0
8147,1960,31454.0
10207,1978,22775.0
4838,1978,22775.0
10219,1972,31590.0
2176,1972,80134.0
9121,1972,80134.0
5802,1972,14188.0
10790,1985,18169.0
178,1956,62503.0
2308,1954,46734.0
7431,1991,68126.0
9405,1954,52869.0
10525,1986,26576.0
7503,1976,75825.0
8783,1950,57045.0
1403,1975,34984.0
4643,1973,27803.0
3463,1975,69283.0
4055,1992,18746.0
7010,1965,70924.0
4767,1965,70924.0
1927,1973,69401.0
437,1976,75012.0
4331,1978,85738.0
4084,1975,60934.0
8135,1986,27161.0
9750,1961,64325.0
6682,1973,18978.0
10581,1977,41124.0
3710,1984,39684.0
5207,1963,53378.0
9360,1982,37040.0
4679,1977,78710.0
1340,1986,92910.0
10839,1976,36283.0
5303,1974,79632.0
9829,1978,28587.0
10469,1981,88325.0
3602,1958,51412.0
4756,1952,63998.0
8181,1978,38593.0
6958,1977,27889.0
10856,1980,45889.0
3321,1967,56575.0
5394,1979,16014.0
433,1958,61331.0
6320,1976,70893.0
5376,1979,2447.0
1867,1957,64849.0
4324,1989,42387.0
3661,1995,80617.0
521,1985,54006.0
10403,1978,16531.0
7186,1966,30843.0
4329,1984,18988.0
4394,1965,81051.0
1717,1988,39747.0
1016,1959,34554.0
3783,1959,52854.0
5848,1970,81205.0
10727,1970,69084.0
5299,1970,69084.0
6872,1974,65352.0
1143,1972,22063.0
10381,1979,47691.0
11007,1968,29187.0
9145,1972,72504.0
5267,1970,33986.0
9738,1986,42386.0
10212,1986,42386.0
10010,1953,36957.0
10069,1988,13724.0
2694,1967,42664.0
10613,1958,37334.0
4646,1951,78497.0
6935,1951,78497.0
5596,1956,58821.0
1044,1953,58398.0
9274,1961,80950.0
9076,1980,30732.0
4947,1966,89572.0
10176,1968,57107.0
3507,1970,76467.0
9235,1957,
10341,1948,51315.0
2639,1966,43602.0
6201,1978,38643.0
7397,1951,49090.0
2181,1970,70617.0
1204,1970,67536.0
1170,1975,27573.0
8812,1979,13533.0
4690,1953,50725.0
1715,1978,25851.0
10821,1978,57113.0
6543,1945,62847.0
7119,1982,68627.0
3518,1983,25271.0
1245,1966,63810.0
2561,1966,63810.0
9624,1958,65488.0
10509,1955,36927.0
7629,1977,22108.0
7875,1949,72025.0
2815,1975,33183.0
2936,1982,23661.0
3665,1977,25315.0
10888,1961,45938.0
6637,1988,66951.0
5077,1979,77298.0
6173,1979,77298.0
3969,1974,43018.0
4580,1969,75759.0
663,1989,33996.0
8299,1989,33996.0
8945,1970,54137.0
10870,1967,61223.0
1184,1968,69674.0
6141,1972,49494.0
8825,1962,51195.0
2217,1975,37284.0
4102,1975,37284.0
4653,1978,42011.0
10092,1954,70044.0
5788,1972,46053.0
4669,1981,24480.0
6295,1977,54233.0
7453,1954,36130.0
10841,1975,56559.0
821,1992,92859.0
3933,1980,44010.0
1225,1963,80124.0
7059,1963,80124.0
5633,1980,50183.0
843,1971,64722.0
6211,1976,37395.0
7007,1968,29543.0
9671,1968,19514.0
8975,1968,19514.0
6616,1975,59481.0
6248,1947,91712.0
7428,1975,80144.0
3075,1972,59973.0
2937,1974,68352.0
203,1975,81169.0
2021,1975,61456.0
880,1966,22634.0
524,1966,22634.0
10837,1975,23957.0
7011,1973,33471.0
4184,1950,52157.0
7679,1985,30298.0
7485,1950,56551.0
7530,1950,56551.0
4369,1957,65487.0
10652,1957,65487.0
286,1952,44213.0
5922,1974,40344.0
7250,1978,57867.0
2478,1973,25410.0
1160,1970,13260.0
9214,1991,42691.0
273,1970,36138.0
851,1972,57136.0
9729,1955,58275.0
9665,1957,54237.0
2620,1974,34596.0
8254,1974,34596.0
3852,1961,74881.0
1000,1961,74881.0
3099,1970,44267.0
6318,1988,68487.0
5396,1988,68487.0
7966,1959,80982.0
454,1980,69508.0
309,1961,63342.0
3571,1961,63342.0
8395,1961,82014.0
2591,1959,76320.0
1640,1954,64587.0
810,1975,74190.0
9423,1979,32765.0
4345,1964,
89,1975,22212.0
5294,1989,18358.0
1321,1974,26067.0
2686,1969,22390.0
1215,1978,70440.0
9283,1978,60199.0
3120,1981,38547.0
5868,1980,19107.0
8143,1985,37929.0
3479,1950,16813.0
7214,1957,62187.0
5543,1966,57811.0
9347,1956,50943.0
10160,1956,50943.0
1406,1975,53201.0
7019,1963,54414.0
2157,1972,26290.0
8939,1959,61250.0
10250,1947,28389.0
1272,1965,55250.0
3007,1966,37758.0
5513,1966,37758.0
679,1957,37633.0
8876,1963,33629.0
10827,1967,36947.0
7300,1952,69142.0
4268,1959,53154.0
4603,1960,65695.0
8659,1952,69805.0
10708,1978,36975.0
1176,1973,26228.0
10380,1972,37787.0
7037,1974,37087.0
11096,1952,57247.0
6374,1954,36930.0
5552,1963,48721.0
2245,1969,43641.0
6200,1951,75903.0
9904,1956,71391.0
10031,1976,16927.0
6642,1961,27215.0
10882,1976,53858.0
5636,1963,30983.0
8692,1952,43462.0
8091,1956,63943.0
8080,1986,26816.0
8370,1976,75484.0
4550,1966,33564.0
3381,1953,54348.0
10556,1959,54984.0
9467,1984,34738.0
2891,1963,68118.0
5011,1963,68118.0
8140,1973,22682.0
11039,1975,51948.0
78,1969,25293.0
5517,1969,25293.0
5290,1964,41551.0
4128,1962,56067.0
8534,1952,67433.0
9592,1983,22010.0
8957,1952,64831.0
9308,1954,62820.0
544,1954,62820.0
5989,1959,78353.0
635,1966,57183.0
6673,1965,23478.0
1710,1978,30168.0
523,1989,37155.0
8977,1985,16581.0
9736,1980,41850.0
1544,1967,81380.0
6575,1981,56386.0
6147,1971,25818.0
6354,1984,15345.0
4769,1977,57954.0
7540,1952,50300.0
5247,1955,38725.0
5987,1989,10404.0
9960,1991,26868.0
10972,1949,72298.0
1399,1958,72905.0
2698,1976,47025.0
6340,1985,29938.0
4107,1948,46681.0
10906,1948,46681.0
2557,1970,29548.0
8786,1956,62058.0
7187,1969,
6119,1963,36736.0
2980,1952,8820.0
3850,1963,14918.0
1077,1974,56715.0
9733,1978,24882.0
8462,1978,24882.0
4764,1952,40442.0
2223,1965,64176.0
7788,1983,23536.0
5827,1958,35246.0
2958,1978,28442.0
4954,1956,48195.0
3139,1982,74116.0
9952,1947,78093.0
8180,1952,59354.0
3276,1976,36301.0
4994,1943,77598.0
3598,1972,62710.0
945,1965,36317.0
5048,1971,42767.0
6214,1982,43815.0
6230,1971,44421.0
2968,1943,48948.0
8800,1943,48948.0
1907,1950,63120.0
10478,1950,55517.0
4188,1957,36864.0
8720,1978,
2225,1977,82582.0
4790,1958,79803.0
1131,1967,52569.0
202,1948,82032.0
9589,1948,82032.0
3900,1972,65685.0
9958,1972,65685.0
8955,1957,40451.0
10033,1973,31163.0
5751,1973,31163.0
3308,1952,35704.0
7297,1973,7500.0
8008,1983,36075.0
1232,1982,70038.0
2345,1982,70038.0
1628,1971,71796.0
5081,1967,47821.0
839,1975,45503.0
3706,1978,28647.0
5154,1972,37760.0
8584,1952,85431.0
6583,1955,72635.0
3433,1955,72635.0
10486,1948,77142.0
8687,1978,53172.0
7842,1968,36065.0
3749,1973,73926.0
1331,1977,35790.0
5995,1962,39552.0
8985,1964,68316.0
2798,1977,102160.0
7108,1965,51390.0
2781,1981,72066.0
3623,1976,21675.0
194,1965,48006.0
10833,1975,65106.0
2315,1960,58401.0
6336,1960,29315.0
10738,1951,49389.0
8286,1965,51717.0
2166,1960,46779.0
10691,1960,28520.0
9739,1963,34377.0
1829,1961,54959.0
6260,1955,82384.0
10448,1956,46998.0
1343,1968,58554.0
4749,1968,58554.0
531,1954,57333.0
6905,1994,80685.0
1045,1965,52117.0
4012,1972,62220.0
5529,1946,64014.0
4001,1946,64014.0
10420,1955,46390.0
7723,1979,75507.0
2963,1979,75507.0
10634,1951,59412.0
5180,1968,50616.0
6866,1969,35924.0
1328,1982,57937.0
1139,1984,73356.0
4961,1974,21255.0
5177,1974,58494.0
2075,1969,72460.0
3428,1991,68682.0
4500,1991,68682.0
7369,1981,36959.0
4381,1971,46463.0
9964,1979,61825.0
1630,1979,61825.0
5012,1989,28691.0
6918,1989,28691.0
7822,1976,54058.0
10156,1975,84196.0
3033,1963,38620.0
4119,1963,38620.0
11110,1973,3502.0
332,1957,47743.0
737,1949,80360.0
10319,1971,66303.0
2683,1969,52413.0
3445,1956,60714.0
10913,1984,31385.0
4427,1995,83257.0
8717,1975,80427.0
2066,1949,38823.0
3340,1977,42014.0
8685,1977,42014.0
4149,1948,76140.0
8726,1964,41713.0
2295,1954,62670.0
3283,1972,70932.0
1915,1951,78939.0
800,1960,44512.0
9166,1968,63967.0
5147,1948,90842.0
13,1947,25358.0
8557,1982,
8724,1982,28567.0
9381,1978,66373.0
9384,1978,66373.0
3560,1952,83844.0
241,1952,83844.0
7521,1952,83844.0
9799,1968,83664.0
5123,1951,27450.0
448,1978,54880.0
4837,1965,71322.0
9365,1976,60000.0
8932,1969,65176.0
7055,1952,61010.0
3537,1981,31089.0
9081,1988,20518.0
4988,1948,34469.0
1050,1952,28332.0
5610,1965,33456.0
3526,1968,38443.0
5136,1973,65333.0
1411,1952,82623.0
701,1971,73691.0
6203,1947,74485.0
7192,1955,65748.0
5181,1982,24367.0
9220,1971,91700.0
7734,1993,79244.0
10446,1957,82017.0
5524,1957,58138.0
3830,1953,59354.0
5186,1955,58482.0
8514,1976,29478.0
7165,1972,64474.0
10236,1975,31160.0
2392,1972,40321.0
1920,1972,40321.0
3673,1971,55239.0
1453,1943,57513.0
4518,1979,85693.0
8969,1977,71855.0
387,1976,7500.0
1079,1971,71969.0
164,1977,28973.0
3434,1951,80872.0
5721,1956,84117.0
8418,1958,38741.0
5300,1973,38961.0
10424,1968,75922.0
11171,1965,56962.0
1600,1965,56962.0
7851,1949,70165.0
10701,1973,65308.0
891,1951,29298.0
6912,1967,63246.0
5967,1952,33402.0
2109,1990,96843.0
6292,1986,82333.0
8537,1949,72643.0
9576,1982,32313.0
5935,1956,55284.0
10264,1979,15287.0
234,1979,15287.0
3202,1987,51563.0
1103,1976,81929.0
610,1953,53593.0
4480,1973,60432.0
10660,1957,66726.0
9353,1959,62450.0
4120,1975,49514.0
2836,1972,43269.0
9579,1959,33762.0
5841,1966,60894.0
3174,1959,87771.0
5536,1959,87771.0
2061,1955,50737.0
8477,1956,26150.0
640,1951,57304.0
3828,1951,71107.0
4093,1975,53253.0
8624,1958,81320.0
2802,1992,87000.0
368,1974,40049.0
3599,1970,63684.0
3389,1970,69016.0
10710,1979,7500.0
7118,1957,73803.0
4937,1973,46094.0
1127,1973,85844.0
833,1955,38452.0
3565,1955,38452.0
6086,1955,80395.0
1763,1988,87679.0
4697,1949,35416.0
182,1946,44124.0
1165,1958,50729.0
5386,1953,94384.0
6024,1953,94384.0
2678,1990,34412.0
5790,1985,31158.0
236,1951,34838.0
6001,1979,56775.0
6250,1949,54356.0
1168,1978,72159.0
10749,1991,8028.0
2926,1952,55951.0
716,1949,67911.0
6544,1949,67911.0
4298,1973,20427.0
5823,1970,32303.0
8375,1968,55954.0
5723,1976,49187.0
5763,1972,49854.0
8727,1978,63693.0
3056,1978,63693.0
8442,1985,19510.0
3712,1959,52332.0
10722,1973,55593.0
2406,1949,54591.0
7313,1949,74859.0
2656,1971,40851.0
1993,1949,58607.0
4136,1992,7500.0
2928,1975,52614.0
2920,1975,52614.0
6661,1974,67445.0
5462,1974,67445.0
10897,1974,67445.0
10542,1968,36778.0
5756,1983,39453.0
3570,1969,42731.0
1072,1965,40760.0
9606,1965,69969.0
2730,1955,80317.0
2995,1957,66636.0
8210,1975,54730.0
773,1971,42835.0
5272,1965,53843.0
5125,1960,79530.0
4391,1968,63841.0
6283,1968,63841.0
3421,1968,63841.0
5731,1983,27100.0
7152,1983,27100.0
3919,1976,72309.0
6097,1959,50664.0
5150,1979,20194.0
10479,1975,76618.0
5966,1974,45207.0
3439,1972,56721.0
6609,1966,27038.0
5393,1977,23763.0
9014,1975,37085.0
4050,1966,49605.0
6862,1971,1730.0
8315,1995,34824.0
5184,1995,34824.0
3643,1974,63206.0
2589,1972,26759.0
4887,1976,55412.0
10104,1974,33590.0
3254,1971,70886.0
2004,1969,72679.0
6142,1943,65073.0
8553,1965,44300.0
9805,1953,56129.0
849,1953,56129.0
1606,1971,38590.0
125,1958,53083.0
9305,1976,79689.0
4706,1966,34704.0
4437,1962,65316.0
3081,1978,41014.0
3536,1960,19740.0
8686,1979,23724.0
9707,1969,55212.0
10872,1969,55212.0
9058,1955,79800.0
4640,1967,70647.0
2525,1974,38410.0
9503,1980,28071.0
10704,1969,54803.0
2669,1993,74293.0
10037,1993,74293.0
5680,1984,35684.0
3726,1986,34320.0
4548,1981,41967.0
4599,1976,49681.0
879,1976,49681.0
7409,1970,53187.0
1964,1951,86610.0
0,1985,70951.0
4860,1970,24206.0
425,1985,55357.0
9500,1959,58113.0
3074,1984,70643.0
5140,1985,64355.0
2611,1959,82576.0
916,1972,41644.0
10413,1984,72570.0
3696,1965,30630.0
304,1981,22944.0
5113,1971,86979.0
2863,1970,
4597,1970,82072.0
675,1973,52034.0
4483,1993,72354.0
1502,1983,28427.0
736,1983,28427.0
4487,1969,39858.0
3412,1951,67381.0
1744,1965,23529.0
5837,1967,51479.0
3422,1975,76068.0
7462,1954,22507.0
10702,1984,52413.0
2115,1957,50116.0
4138,1962,76624.0
11091,1953,34587.0
7712,1946,62159.0
3535,1965,66294.0
5899,1950,5648.0
8749,1984,37235.0
10955,1964,85620.0
9491,1984,23976.0
5286,1987,41020.0
3409,1984,36108.0
2544,1951,57530.0
2118,1964,62905.0
9370,1945,65846.0
4864,1977,34380.0
405,1964,41638.0
10513,1992,63207.0
5138,1950,28320.0
8387,1957,43140.0
378,1971,52531.0
5846,1977,40246.0
8870,1984,35196.0
10340,1984,35196.0
7290,1985,70596.0
8895,1985,70596.0
3635,1962,52597.0
11178,1972,42394.0
2410,1969,81657.0
3281,1960,49154.0
9905,1952,34074.0
2437,1989,
2565,1955,70638.0
7912,1978,38136.0
7072,1973,67432.0
1409,1951,40689.0
5314,1951,40689.0
7215,1983,101970.0
8858,1972,44325.0
895,1948,61467.0
10313,1975,48178.0
642,1980,16005.0
8504,1973,79593.0
1020,1973,79593.0
3717,1959,61180.0
7646,1989,64449.0
5796,1963,77437.0
8625,1976,17649.0
5407,1954,53103.0
4356,1971,71819.0
2886,1971,74290.0
10057,1951,72282.0
10741,1951,47352.0
5491,1951,47352.0
4442,1961,46524.0
3972,1976,50200.0
2431,1990,18222.0
7899,1952,77610.0
9703,1970,38097.0
6927,1968,44377.0
7005,1981,58684.0
246,1965,66480.0
4796,1952,49638.0
4725,1950,50616.0
3286,1967,26642.0
10680,1986,33235.0
4297,1969,23228.0
7327,1959,36732.0
1553,1946,82657.0
1665,1964,64140.0
10640,1974,44392.0
7620,1990,16185.0
7761,1978,38702.0
5062,1963,54072.0
6349,1987,61787.0
3386,1992,34935.0
8175,1992,34935.0
6245,1950,59292.0
8780,1950,59292.0
2276,1955,57959.0
1172,1983,92491.0
3225,1984,42207.0
8629,1956,46984.0
798,1987,23442.0
269,1963,46757.0
8213,1980,14515.0
10245,1986,80910.0
2447,1979,30545.0
9817,1970,44802.0
1371,1976,79941.0
8093,1969,79734.0
713,1977,50353.0
11051,1956,77376.0
5545,1972,78075.0
5283,1976,42473.0
5010,1988,25008.0
7495,1948,56223.0
4368,1980,47850.0
6303,1986,91820.0
1030,1965,40637.0
10364,1959,23295.0
6945,1952,84574.0
8562,1969,54165.0
2918,1981,28510.0
9167,1956,67131.0
4743,1969,56242.0
10742,1983,86580.0
10965,1955,76005.0
7129,1962,54693.0
3732,1955,52750.0
7124,1968,36997.0
10686,1965,34230.0
7247,1960,47916.0
1513,1979,60839.0
460,1972,79930.0
6653,1970,55158.0
9400,1958,85485.0
7106,1943,75865.0
4252,1965,44375.0
9240,1971,60504.0
10770,1959,65492.0
176,1980,67506.0
6870,1959,68805.0
143,1970,61209.0
6445,1967,66825.0
4278,1983,87188.0
6906,1953,84953.0
4637,1954,74637.0
8690,1962,86111.0
1173,1947,77632.0
1928,1973,31814.0
9029,1972,70116.0
10299,1969,48240.0
9246,1985,40101.0
4943,1953,70503.0
4122,1975,79205.0
2853,1980,51766.0
902,1980,62994.0
1672,1974,65640.0
7254,1969,38361.0
8775,1969,38361.0
9543,1985,19986.0
7093,1985,19986.0
2894,1985,72903.0
5956,1948,45072.0
1921,1967,59062.0
5057,1961,61794.0
10260,1965,45143.0
2262,1965,45143.0
7930,1969,26877.0
1461,1965,36921.0
7514,1956,54342.0
6461,1969,62772.0
257,1959,75032.0
9460,1963,22419.0
3855,1963,22419.0
367,1978,36550.0
9265,1953,75027.0
1990,1974,63159.0
3594,1973,54108.0
9292,1952,81795.0
6218,1965,59594.0
6528,1982,18492.0
10164,1958,94472.0
9937,1979,70337.0
274,1973,34853.0
5250,1943,
11010,1984,16269.0
6969,1982,50272.0
10735,1971,22804.0
5068,1971,22804.0
9974,1974,30631.0
7053,1966,78420.0
3179,1980,81741.0
8082,1971,25721.0
1362,1972,31907.0
6768,1962,37859.0
2375,1972,30261.0
6856,1979,21645.0
4066,1978,21282.0
4333,1954,32144.0
2948,1954,62637.0
4927,1971,16626.0
7426,1971,54690.0
8360,1971,54690.0
4058,1955,61284.0
10755,1976,23718.0
8414,1962,33419.0
6810,1983,82025.0
3839,1958,15056.0
3483,1958,48192.0
238,1967,67309.0
591,1957,66033.0
5063,1977,28769.0
4303,1957,6835.0
2258,1986,32880.0
7301,1982,23616.0
11121,1981,19419.0
5287,1973,34961.0
6457,1976,64892.0
3559,1988,16248.0
5577,1983,43776.0
641,1967,52074.0
954,1960,22123.0
1834,1978,35544.0
8789,1989,59060.0
10584,1976,65665.0
2337,1971,29819.0
6071,1989,81217.0
295,1989,81217.0
10203,1990,26095.0
3968,1970,65706.0
4037,1976,31859.0
6932,1941,93027.0
10159,1970,58710.0
1177,1966,49618.0
9426,1964,58308.0
10637,1964,40800.0
10826,1959,18690.0
4086,1959,18690.0
10304,1959,18690.0
7998,1958,28087.0
10992,1967,75702.0
6383,1971,32892.0
10536,1971,32892.0
6036,1959,89120.0
11092,1961,27116.0
538,1989,46107.0
10022,1973,54466.0
10157,1965,59686.0
3503,1950,82460.0
146,1960,76045.0
5538,1975,83829.0
3910,1975,83829.0
4227,1968,32889.0
6634,1979,33462.0
8916,1975,36627.0
6460,1982,28718.0
5883,1972,77981.0
10091,1956,60230.0
697,1969,74918.0
2607,1953,40464.0
8427,1956,64857.0
217,1956,64857.0
6202,1960,63381.0
3856,1960,63381.0
10648,1982,66664.0
5120,1982,66664.0
6749,1966,86358.0
1584,1977,41443.0
9559,1961,57072.0
771,1967,54178.0
5237,1950,48767.0
2461,1955,51124.0
5474,1970,43020.0
2895,1963,49980.0
7972,1955,72906.0
10067,1976,25176.0
500,1977,96876.0
922,1979,31086.0
2861,1983,24072.0
375,1954,76773.0
10936,1965,72190.0
10314,1948,83837.0
4240,1978,17345.0
2674,1958,75154.0
2563,1961,28249.0
8312,1961,28249.0
6999,1980,69661.0
7574,1979,27922.0
5223,1966,45903.0
2952,1977,36273.0
7683,1968,70777.0
9481,1976,17148.0
9907,1969,66476.0
5454,1979,45057.0
3798,1968,41120.0
7281,1959,
4259,1986,19485.0
2549,1983,21840.0
6437,1985,41473.0
2488,1956,31395.0
3945,1947,68117.0
702,1975,47682.0
9010,1972,83151.0
9710,1969,58086.0
1509,1958,84460.0
9120,1962,66565.0
5252,1969,23910.0
5959,1968,35893.0
7441,1973,71128.0
4271,1989,38683.0
4095,1971,37150.0
8852,1976,61064.0
7698,1976,51650.0
4174,1956,55249.0
3182,1973,46854.0
193,1996,14421.0
5229,1969,54132.0
5555,1975,153924.0
7732,1978,64813.0
310,1970,61872.0
6261,1979,58025.0
6274,1948,83790.0
1655,1979,34350.0
2740,1958,33438.0
4328,1986,21955.0
17,1971,60491.0
9153,1964,59304.0
520,1974,34421.0
8372,1974,34421.0
73,1953,51411.0
2002,1958,71964.0
6059,1953,64504.0
11166,1961,49678.0
6257,1976,60482.0
9224,1972,55260.0
8732,1969,67369.0
955,1962,47175.0
4910,1967,68743.0
564,1981,56937.0
8931,1986,83033.0
1998,1976,37697.0
1250,1976,37697.0
8397,1951,44689.0
9672,1970,23162.0
2125,1959,63033.0
5975,1967,40304.0
983,1984,40059.0
9938,1954,80067.0
4385,1981,36038.0
1612,1981,
803,1968,40521.0
10675,1956,66334.0
7004,1984,11012.0
4432,1976,31615.0
5079,1971,
4475,1949,69098.0
10868,1951,70792.0
6742,1979,17688.0
5692,1989,25443.0
339,1972,57091.0
10398,1981,24336.0
8017,1981,51111.0
3722,1972,44503.0
7326,1971,56850.0
2416,1969,66582.0
1878,1985,23148.0
5278,1964,82224.0
5734,1974,61917.0
4370,1966,43482.0
8405,1979,68274.0
7617,1974,42373.0
10339,1954,
6376,1979,57537.0
2150,1958,80995.0
7386,1976,30992.0
3006,1976,30992.0
11088,1971,78642.0
5185,1955,74268.0
3523,1962,75072.0
55,1963,56253.0
3807,1955,59925.0
2453,1960,62807.0
7787,1960,62807.0
2230,1970,23626.0
8146,1976,46106.0
988,1965,81168.0
4832,1979,27244.0
3152,1957,26091.0
11188,1957,26091.0
361,1969,43142.0
5939,1971,38232.0
9349,1985,92533.0
819,1945,63285.0
10120,1955,38946.0
4541,1955,38946.0
2456,1975,40233.0
2516,1969,46831.0
11013,1987,67605.0
9988,1976,70379.0
1627,1957,77297.0
1490,1962,55759.0
6710,1951,58217.0
7375,1976,51369.0
10144,1976,51369.0
3138,1956,91249.0
1440,1978,52513.0
4200,1970,44159.0
4998,1962,76081.0
7321,1962,76081.0
8663,1974,39996.0
1958,1973,55012.0
6963,1947,77457.0
1065,1963,80695.0
2712,1956,71866.0
6049,1982,73450.0
6605,1944,55614.0
11181,1949,156924.0
5234,1967,30753.0
5253,1956,54603.0
11148,1975,22280.0
6289,1951,59385.0
9743,1955,76998.0
9209,1971,80573.0
6417,1971,80573.0
7937,1982,24711.0
6488,1959,38829.0
3194,1974,71466.0
231,1956,28839.0
9697,1951,53790.0
4676,1951,73705.0
8079,1982,22448.0
10032,1976,12571.0
10505,1960,73113.0
2005,1990,35765.0
6940,1966,46734.0
2304,1963,66313.0
3170,1957,68148.0
10466,1965,44393.0
7325,1986,38197.0
455,1946,51012.0
7592,1946,51012.0
4547,1960,13672.0
6825,1953,41452.0
2961,1982,42081.0
8700,1986,14906.0
2278,1985,33812.0
10703,1975,46098.0
9,1975,46098.0
2804,1975,46098.0
4915,1956,53230.0
3010,1989,88420.0
4279,1963,39548.0
2564,1953,61278.0
1137,1964,81246.0
5084,1975,58330.0
7094,1975,58330.0
6327,1967,65777.0
6131,1980,70829.0
5798,1973,
10379,1962,59247.0
606,1967,25930.0
7801,1959,54753.0
2445,1974,28440.0
5346,1973,23559.0
550,1952,62335.0
4478,1979,63777.0
2350,1972,59666.0
1118,1956,50965.0
1491,1965,71488.0
4507,1952,72228.0
7023,1953,46231.0
6977,1974,75702.0
4042,1971,43300.0
7274,1957,78618.0
2902,1958,
3332,1985,29760.0
7433,1985,29760.0
9386,1962,50127.0
5176,1988,29604.0
10323,1952,49413.0
4682,1958,51876.0
3083,1974,45837.0
8015,1962,85696.0
1745,1962,85696.0
3136,1962,59432.0
6991,1951,43185.0
8132,1975,60631.0
503,1985,20559.0
8148,1956,50898.0
2736,1978,73807.0
8162,1956,14661.0
692,1954,36807.0
7706,1975,46772.0
9298,1947,81574.0
2986,1976,30772.0
10812,1978,46377.0
2909,1974,78128.0
6974,1972,83443.0
9140,1960,50523.0
4554,1965,47009.0
7791,1967,37054.0
5455,1971,32011.0
7960,1962,82122.0
3426,1975,70300.0
5316,1976,21024.0
1404,1968,34916.0
10598,1967,27943.0
8212,1971,39791.0
3233,1965,62745.0
7892,1969,18589.0
2975,1976,85606.0
5043,1951,26997.0
3104,1961,82332.0
10854,1970,38853.0
7419,1968,27071.0
5558,1954,90933.0
832,1966,65814.0
4964,1958,74250.0
11030,1976,33181.0
4587,1944,45006.0
450,1958,42315.0
11031,1950,48699.0
4990,1954,59111.0
221,1955,48726.0
4351,1955,37244.0
1357,1970,74854.0
5667,1964,60896.0
8867,1988,67546.0
2747,1988,67546.0
7422,1987,46923.0
4148,1972,38988.0
9516,1971,49118.0
1291,1978,27683.0
1833,1974,39190.0
7270,1981,56981.0
8182,1984,23228.0
10394,1984,90000.0
1142,1953,55707.0
451,1989,9255.0
7128,1977,42997.0
10678,1959,71232.0
7755,1954,57744.0
4754,1966,33585.0
20,1965,46891.0
2246,1965,46891.0
10307,1956,50387.0
2147,1969,76653.0
10590,1956,76542.0
6565,1949,76995.0
6619,1978,38415.0
4817,1956,22304.0
4508,1952,75127.0
4843,1952,75127.0
9197,1953,39722.0
6237,1966,7144.0
6515,1977,39771.0
5954,1972,42618.0
7938,1958,51518.0
961,1972,74716.0
1764,1975,33955.0
1916,1954,45736.0
6941,1971,31632.0
5562,1974,60093.0
1517,1969,30822.0
7286,1968,41728.0
4687,1958,80739.0
5631,1991,49767.0
1951,1981,34445.0
123,1951,67046.0
9451,1965,73538.0
7396,1966,80398.0
3298,1956,52973.0
6730,1954,38998.0
9916,1954,38998.0
2227,1958,26490.0
946,1958,26490.0
3745,1988,23331.0
4094,1961,60544.0
8588,1961,60544.0
3916,1971,49269.0
9135,1950,27203.0
1755,1988,45204.0
2875,1978,67023.0
2008,1978,77583.0
10925,1983,76630.0
1604,1960,47353.0
5389,1964,48920.0
2878,1947,67472.0
4440,1964,64100.0
1324,1988,38872.0
6262,1962,72217.0
3628,1987,15038.0
3641,1976,13624.0
322,1978,42554.0
175,1986,71952.0
6988,1986,71952.0
8204,1971,78041.0
7476,1964,63972.0
5221,1957,52852.0
8970,1972,62010.0
9286,1960,83151.0
5831,1967,77870.0
1010,1977,46931.0
11074,1977,85072.0
5896,1987,73395.0
3515,1952,62307.0
5324,1981,58293.0
6534,1974,47889.0
8373,1979,24594.0
3829,1979,24594.0
4501,1965,69882.0
4179,1959,24221.0
2292,1985,22327.0
9239,1961,61923.0
8953,1965,35791.0
10258,1965,35791.0
3520,1990,91172.0
10402,1967,35441.0
11114,1970,19656.0
9553,1987,7500.0
6055,1979,71626.0
4786,1977,75330.0
5015,1976,34529.0
8560,1992,48789.0
3469,1977,34487.0
5885,1973,35688.0
3310,1973,35688.0
2134,1952,53700.0
2532,1987,73454.0
2579,1957,71113.0
3117,1955,
5623,1980,31535.0
4789,1953,80812.0
9523,1982,40479.0
5268,1960,29440.0
1545,1986,38508.0
2254,1983,69520.0
2661,1964,18701.0
3130,1964,18701.0
5847,1969,69901.0
5863,1953,47703.0
999,1991,86037.0
2931,1978,71847.0
1890,1971,42033.0
5589,1964,51983.0
10172,1988,68655.0
6729,1988,68655.0
10492,1959,38285.0
2939,1970,79419.0
5948,1975,57338.0
574,1964,42523.0
3266,1964,42523.0
10500,1984,31761.0
7987,1969,65747.0
1135,1960,17144.0
24,1960,17144.0
7244,1951,
1966,1965,84618.0
7789,1965,84618.0
3336,1948,66375.0
5644,1957,42213.0
1295,1963,
6663,1940,51141.0
10262,1980,15072.0
456,1986,7500.0
3270,1978,17117.0
5748,1965,59754.0
8952,1953,65569.0
3921,1952,28457.0
9826,1972,86857.0
5830,1972,86857.0
8310,1964,68142.0
6382,1953,48794.0
8439,1964,63404.0
7613,1974,49669.0
48,1964,55761.0
5046,1958,78331.0
3231,1973,37971.0
7181,1977,30368.0
1663,1978,34043.0
5441,1965,54111.0
8602,1964,69932.0
9925,1981,39665.0
9499,1954,93404.0
6568,1984,38680.0
3032,1984,24570.0
5153,1967,77766.0
4127,1967,77766.0
9940,1958,64961.0
7527,1968,23748.0
3406,1964,45989.0
9771,1988,23331.0
6722,1954,70421.0
213,1963,23091.0
8541,1990,24683.0
8475,1973,157243.0
8070,1973,54222.0
313,1968,73455.0
9757,1972,84906.0
2088,1972,84906.0
2320,1978,47025.0
966,1966,44529.0
9706,1974,31560.0
3979,1983,90687.0
5602,1989,66973.0
2202,1978,41154.0
9645,1968,64590.0
7230,1960,50611.0
5675,1960,50611.0
4974,1970,83273.0
5687,1980,81702.0
5871,1979,24401.0
3846,1974,42557.0
10001,1985,7500.0
2831,1976,78416.0
868,1966,44794.0
7212,1966,44794.0
1743,1974,69719.0
2415,1962,62568.0
7947,1969,42231.0
2106,1974,20130.0
3363,1974,20130.0
8595,1973,42429.0
7232,1973,42429.0
7829,1900,36640.0
9977,1973,78901.0
10142,1976,66476.0
5263,1977,31056.0
22,1976,46310.0
528,1978,65819.0
4070,1969,94871.0
