Country,country_code,Region,Indicator Name,1990,1991,1992,1993,1994,1995,1996,1997,1998,1999,2000,2001,2002,2003,2004,2005,2006,2007,2008,2009,2010,2011,2012,2013,2014,2015,2016,2017,2018,2019,2019.1
Aruba,ABW,Latin America & Caribbean,CO2 emissions (metric tons per capita),,,,,,,,,,,,,,,,,,,,,,,,,,,,,,,
Afghanistan,AFG,South Asia,CO2 emissions (metric tons per capita),191.745.115,167.681.579,95.957.742,8.472.111,75.545.827,68.467.956,62.588.034,56.826.618,52.690.856,40.156.965,36.573.704,3.378.536,45.573.659,51.518.377,41.655.394,60.418.781,66.583.291,65.312.346,128.416.559,171.862.421,243.614.036,29.650.624,259.295.334,18.562.366,146.235.617,172.896.741,149.789.334,131.694.556,1.632.953,159.824.372,159.824.372
Angola,AGO,Sub-Saharan Africa,CO2 emissions (metric tons per capita),553.661.955,544.538.649,543.557.223,70.898.423,836.804.405,912.141.485,1.072.168.465,1.086.636.974,1.091.825.308,1.109.859.657,988.077.383,941.828.905,895.577.672,924.869.437,930.262.948,813.539.291,821.840.076,811.753.508,888.658.009,939.403.983,976.184.198,985.522.312,950.695.879,1.036.293.852,1.099.779.111,113.504.405,1.031.811.348,81.330.073,777.674.934,792.137.069,792.137.069
Albania,ALB,Europe & Central Asia,CO2 emissions (metric tons per capita),1.819.541.634,124.281.022,683.699.826,638.307.036,645.355.189,605.436.253,612.367.359,466.921.472,572.153.695,955.359.308,1.026.213.109,1.055.495.882,1.232.378.783,1.338.984.981,1.404.058.688,1.338.209.399,1.339.995.739,139.393.137,1.384.311.249,1.441.493.562,1.527.623.663,166.942.319,150.324.046,1.533.630.039,1.668.337.371,160.377.515,1.557.664.358,1.788.786.074,1.782.738.948,169.224.832,169.224.832
Andorra,AND,Europe & Central Asia,CO2 emissions (metric tons per capita),7.521.831.658,723.537.924,69.630.787,6.724.177.518,6.541.578.914,6.733.479.486,699.159.455,7.307.441.152,763.953.851,7.923.191.648,7.952.286.282,7.721.549.062,7.566.239.884,724.241.557,7.344.262.326,7.353.780.012,6.790.542.773,653.104.692,6.439.303.857,6.156.687.476,6.157.197.775,5.850.886.105,5.944.654.173,5.942.800.412,5.807.127.723,6.026.181.822,6.080.600.282,6.104.133.912,6.362.975.399,6.481.217.432,6.481.217.432
United Arab Emirates,ARE,Middle East & North Africa,CO2 emissions (metric tons per capita),3.019.518.857,3.177.849.624,2.908.092.584,2.927.567.777,3.084.933.296,3.112.501.806,3.092.802.588,3.048.633.262,2.966.358.052,2.888.710.798,2.703.515.911,2.943.026.994,2.850.146.173,2.796.926.982,2.703.893.822,2.538.238.104,2.293.510.429,2.137.028.576,2.201.146.924,1.983.234.887,1.903.976.975,1.850.945.738,1.920.780.112,2.005.564.757,2.005.169.797,2.107.764.197,2.148.066.861,2.076.902.233,1.839.067.806,1.932.956.328,1.932.956.328
Argentina,ARG,Latin America & Caribbean,CO2 emissions (metric tons per capita),3.075.541.328,3.202.031.307,3.218.973.722,3.245.795.281,3.252.945.287,3.241.341.893,3.476.953.205,3.536.989.954,3.678.793.802,3.688.518.274,3.587.392.038,3.360.371.185,3.117.424.829,3.351.723.713,3.672.973.996,3.753.639.235,394.249.129,4.102.629.636,4.172.388.531,3.867.569.967,4.099.689.714,4.280.989.353,4.264.223.782,4.342.115.069,4.209.095.633,4.301.913.876,4.201.845.776,4.071.308.362,3.975.771.971,3.740.650.291,3.740.650.291
Armenia,ARM,Europe & Central Asia,CO2 emissions (metric tons per capita),5.610.254.358,5.902.576.393,316.600.926,1.498.612.445,83.443.373,1.090.960.291,814.339.187,1.066.043.297,1.116.225.447,1.006.791.798,1.159.761.363,1.180.062.452,1.028.353.516,1.159.732.241,125.303.469,1.496.010.763,151.776.299,1.773.161.431,1.956.930.356,1.561.583.601,1.508.351.244,171.734.338,1.983.192.027,189.812.717,1.881.607.737,1.825.292.244,172.675.284,1.823.560.155,1.934.451.579,2.086.060.678,2.086.060.678
American Samoa,ASM,East Asia & Pacific,CO2 emissions (metric tons per capita),,,,,,,,,,,,,,,,,,,,,,,,,,,,,,,
Antigua and Barbuda,ATG,Latin America & Caribbean,CO2 emissions (metric tons per capita),3.358.226.856,3.472.057.826,449.898.385,3.800.720.617,3.720.182.735,3.931.733.458,398.996.808,404.423.557,4.370.450.293,4.419.208.828,4.341.705.369,4.532.974.149,4.980.969.957,5.169.522.468,4.978.406.237,5.033.021.488,5.319.470.442,5.474.300.638,5.621.003.692,1.602.434.762,556.628.433,6.050.420.408,774.276.315,5.136.050.692,5.185.713.244,5.236.665.308,5.289.885.738,5.239.717.055,5.296.940.139,5.354.476.455,5.354.476.455
Australia,AUS,East Asia & Pacific,CO2 emissions (metric tons per capita),1.544.848.844,1.531.821.338,1.534.152.615,1.545.536.877,1.569.196.304,1.605.688.358,1.642.783.027,1.662.526.327,175.629.309,176.323.576,177.230.721,1.780.456.395,179.819.247,1.772.168.373,1.817.472.687,1.814.629.201,1.814.145.349,1.852.109.701,1.830.374.802,1.822.309.955,1.759.006.927,1.729.541.584,1.702.204.223,1.644.231.571,1.583.042.152,15.863.288,1.591.465.712,1.581.831.632,1.549.352.925,1.523.826.715,1.523.826.715
Austria,AUT,Europe & Central Asia,CO2 emissions (metric tons per capita),758.936.421,8.049.113.779,7.353.926.794,7.311.242.503,7.343.640.808,7.697.264.741,8.154.273.323,8.059.697.484,8.107.272.237,7.888.819.322,7.929.785.513,8.444.109.161,8.583.317.475,9.168.343.908,92.756.141,926.611.356,8.961.569.195,8.587.801.761,849.967.402,7.721.143.982,8.365.014.901,8.135.474.381,7.723.614.487,7.753.699.576,7.260.404.228,7.317.158.873,7.288.819.983,7.486.161.583,7.133.063.919,7.293.984.252,7.293.984.252
Azerbaijan,AZE,Europe & Central Asia,CO2 emissions (metric tons per capita),7.453.450.775,7.159.655.082,8.616.847.624,6.411.111.704,4.412.529.372,4.225.196.328,3.502.511.915,3.379.580.901,3.347.655.756,3.272.055.369,3.440.349.875,3.254.758.852,3.203.641.763,3.469.717.358,3.408.174.257,3.579.663.711,3.593.590.676,3.219.791.775,3.474.678.865,2.850.039.951,2.684.902.593,2.973.918.764,3.239.102.868,3.285.616.903,338.119.922,3.292.452.869,3.304.019.557,3.243.341.999,3.292.832.354,3.542.397.828,3.542.397.828
Burundi,BDI,Sub-Saharan Africa,CO2 emissions (metric tons per capita),31.255.981,39.533.341,316.591,32.769.615,32.209.046,33.405.467,34.652.836,34.301.787,35.566.684,36.699.403,40.759.564,30.648.776,3.132.403,23.157.659,2.103.289,20.366.995,23.659.773,2.289.428,22.150.837,21.434.541,34.579.718,40.185.722,4.001.734,40.879.208,38.601.013,39.369.948,419.527,48.951.647,61.742.872,62.442.671,62.442.671
Belgium,BEL,Europe & Central Asia,CO2 emissions (metric tons per capita),1.096.677.472,1.139.089.005,1.118.250.206,1.091.876.374,1.135.869.013,1.130.237.113,1.176.078.263,1.145.537.702,1.170.341.139,1.129.525.399,1.143.958.054,1.150.432.068,1.072.798.848,1.113.131.453,1.094.122.423,1.055.578.237,1.030.057.207,9.843.115.874,9.984.152.183,9.231.701.273,9.794.792.242,8.740.505.152,8.577.525.877,8.655.477.512,8.041.711.215,8.437.851.999,8.314.931.808,8.151.095.679,8.196.338.589,8.095.583.954,8.095.583.954
Benin,BEN,Sub-Saharan Africa,CO2 emissions (metric tons per capita),66.285.172,52.432.316,52.515.049,52.519.477,49.000.606,50.799.654,159.165.853,197.400.553,187.009.053,201.077.354,206.817.822,245.876.343,298.818.443,324.444.105,341.935.364,363.307.326,422.300.744,473.104.595,46.223.287,494.146.663,525.042.566,491.500.279,456.355.652,467.785.082,50.452.817,520.992.816,619.937.007,614.754.528,646.058.116,618.583.746,618.583.746
Burkina Faso,BFA,Sub-Saharan Africa,CO2 emissions (metric tons per capita),56.747.035,56.353.056,55.931.359,55.483.015,55.008.952,56.492.248,60.736.157,64.694.261,69.287.926,78.881.856,80.978.977,8.120.832,78.092.606,82.183.395,81.347.129,78.975.196,89.665.522,98.933.279,115.727.153,114.258.558,146.745.851,15.296.686,177.415.687,183.332.656,180.825.362,204.300.066,198.430.258,222.474.208,23.643.815,246.046.246,246.046.246
Bangladesh,BGD,South Asia,CO2 emissions (metric tons per capita),111.658.248,102.557.668,109.460.957,113.909.624,120.101.811,1.437.007,143.051.512,157.872.086,156.908.688,160.636.276,169.593.942,198.172.464,207.053.129,212.401.957,222.868.797,235.263.641,254.752.395,266.296.791,288.141.386,306.664.813,342.739.986,364.566.595,384.025.166,396.697.028,413.092.687,461.997.426,470.827.565,496.851.847,517.113.005,556.529.455,556.529.455
Bulgaria,BGR,Europe & Central Asia,CO2 emissions (metric tons per capita),8.443.170.443,6.815.048.526,6.482.311.113,6.601.503.037,636.222.195,6.528.617.961,6.612.597.225,6.375.068.154,6.113.759.034,5.397.884.497,53.144.536,5.767.159.578,556.323.884,6.164.371.004,6.125.548.534,6.265.854.174,6.439.923.574,6.971.191.811,6.678.624.427,5.764.030.949,6.049.544.016,6.755.278.124,616.215.311,5.458.963.808,5.820.924.714,6.207.865.317,5.834.881.981,620.129.024,582.203.361,561.085.728,561.085.728
Bahrain,BHR,Middle East & North Africa,CO2 emissions (metric tons per capita),2.165.641.314,2.030.359.266,2.345.712.527,2.437.468.762,2.432.722.575,2.401.995.395,2.445.300.444,2.423.826.789,2.524.046.883,2.427.184.466,238.937.121,2.349.652.355,2.342.410.876,2.303.816.133,2.160.641.891,2.326.923.202,2.346.563.028,2.220.240.095,2.221.335.064,208.594.387,2.092.896.507,2.035.750.059,2.090.093.256,2.193.867.997,2.266.343.283,2.229.101.801,2.125.133.118,2.042.732.768,1.963.120.569,2.026.610.279,2.026.610.279
"Bahamas, The",BHS,Latin America & Caribbean,CO2 emissions (metric tons per capita),7.649.467.074,7.815.882.333,9.660.637.226,7.710.327.781,7.504.105.507,7.852.123.107,7.289.245.722,6.507.448.767,8.121.128.699,7.889.465.863,748.209.163,7.335.981.336,7.800.895.463,7.600.847.317,7.055.658.167,6.495.345.193,634.379.729,628.358.498,6.401.303.677,1.764.874.164,5.860.211.203,7.147.167.506,9.763.986.436,7.653.297.299,6.799.325.412,5.905.932.758,5.397.924.873,5.684.363.486,7.260.751.623,7.291.661.097,7.291.661.097
Bosnia and Herzegovina,BIH,Europe & Central Asia,CO2 emissions (metric tons per capita),5.370.319.006,4.906.942.041,3.772.138.283,3.285.167.225,802.738.048,880.114.096,1.113.053.568,2.272.441.362,2.881.367.461,281.031.471,3.721.499.604,3.663.945.867,3.872.969.895,3.952.496.648,4.136.343.582,4.310.376.759,4.756.438.946,502.020.957,5.529.716.828,5.511.323.147,5.624.105.757,6.484.260.583,6.091.586.588,6.167.789.961,5.597.187.383,5.721.181.036,6.597.243.083,6.767.050.642,6.799.182.648,6.382.918.043,6.382.918.043
Belarus,BLR,Europe & Central Asia,CO2 emissions (metric tons per capita),9.797.486.552,9.438.839.323,8.612.563.831,7.463.583.047,6.337.174.653,5.654.400.196,5.772.882.688,5.848.321.407,5.685.088.398,5.480.346.649,5.304.816.521,5.225.335.545,5.254.649.833,5.379.335.611,5.759.420.354,5.875.465.459,615.517.613,6.029.733.806,6.352.864.617,603.919.199,650.264.283,618.814.293,6.344.981.391,6.352.712.195,629.728.587,579.426.692,5.822.979.457,592.135.146,6.245.507.315,6.122.237.765,6.122.237.765
Belize,BLZ,Latin America & Caribbean,CO2 emissions (metric tons per capita),1.759.493.266,2.249.707.015,2.573.022.375,2.378.241.619,2.231.268.501,2.222.630.241,1.684.919.966,2.076.046.485,1.954.414.371,1.715.631.917,1.819.578.666,2.077.877.272,1.981.805.428,1.892.898.995,1.591.227.985,1.656.107.509,1.750.544.009,1.772.391.396,162.960.935,4.640.002.664,1.736.622.587,2.028.852.144,1.982.242.705,1.330.606.578,1.358.364.951,1.884.042.732,1.764.391.261,1.703.146.792,1.644.603.729,1.639.550.009,1.639.550.009
Bermuda,BMU,North America,CO2 emissions (metric tons per capita),,,,,,,,,,,,,,,,,,,,,,,,,,,,,,,
Bolivia,BOL,Latin America & Caribbean,CO2 emissions (metric tons per capita),1.516.423.036,1.550.319.934,1.557.063.153,13.948.037,1.274.978.599,1.125.639.469,1.065.652.964,1.148.983.181,1.070.798.558,995.510.996,975.259.762,938.201.757,949.350.243,1.019.557.988,1.046.416.775,1.088.569.382,1.195.259.486,126.380.481,1.348.563.251,1.416.317.393,1.509.663.496,1.626.366.425,1.678.603.032,1.777.588.045,190.631.555,1.909.890.716,1.995.137.361,2.032.547.019,2.046.129.929,1.940.398.005,1.940.398.005
Brazil,BRA,Latin America & Caribbean,CO2 emissions (metric tons per capita),1.328.159.172,1.354.979.891,1.347.535.542,1.372.402.004,139.557.303,1.489.199.885,1.594.086.243,1.682.504.665,1.711.514.957,1.746.531.545,1.794.549.984,1.802.410.371,1.769.880.772,1.709.539.024,1.785.371.856,1.782.061.764,1.783.625.001,1.854.305.856,1.945.681.928,1.805.179.788,203.322.568,2.117.869.375,2.279.272.333,2.421.656.961,2.523.232.137,2.373.628.508,2.168.574.696,2.196.418.173,2.071.854.677,2.057.810.839,2.057.810.839
Barbados,BRB,Latin America & Caribbean,CO2 emissions (metric tons per capita),3.755.753.393,3.741.714.774,4.488.569.364,3.789.759.312,3.888.362.471,4.023.237.014,3.969.338.731,4.325.404.668,4.715.334.863,4.806.714.611,4.567.034.116,4.807.445.302,5.010.551.434,5.030.419.439,4.940.370.507,5.138.969.156,5.297.774.677,5.310.350.587,6.358.369.012,1.643.502.256,54.939.016,6.219.366.934,7.472.734.688,5.065.179.206,4.458.878.192,4.451.033.309,4.513.677.359,4.122.573.001,4.325.983.846,4.355.082.032,4.355.082.032
Brunei Darussalam,BRN,East Asia & Pacific,CO2 emissions (metric tons per capita),1.260.078.697,1.269.683.856,1.310.754.761,1.395.180.415,1.475.201.415,1.548.237.702,1.585.582.037,1.676.486.239,1.416.328.513,1.358.004.255,1.416.711.189,1.385.143.381,1.332.268.255,1.562.433.655,1.418.897.462,1.366.703.853,2.030.994.264,1.904.167.531,20.847.719,2.050.002.315,1.844.923.521,1.861.885.184,1.829.587.739,1.782.826.519,1.727.764.771,1.542.488.346,1.660.349.981,1.717.391.347,175.773.964,1.613.215.855,1.613.215.855
Bhutan,BTN,South Asia,CO2 emissions (metric tons per capita),150.715.617,243.155.636,224.498.386,244.090.201,263.204.896,299.272.954,369.364.195,344.381.952,354.372.424,346.089.021,355.321.532,381.019.907,389.594.569,414.118.231,453.969.796,493.260.813,486.763.075,481.294.913,446.687.163,471.747.475,583.513.988,851.006.097,912.224.067,94.334.976,973.502.632,1.057.859.388,1.262.376.046,1.301.030.267,1.391.841.887,1.375.977.209,1.375.977.209
Botswana,BWA,Sub-Saharan Africa,CO2 emissions (metric tons per capita),2.183.786.203,2.058.325.247,2.420.169.251,2.322.905.275,2.147.746.853,2.171.289.562,1.940.555.211,1.992.957.783,2.335.281.728,2.397.128.414,2.452.333.155,2.310.897.524,236.413.982,2.260.164.586,2.248.612.758,2.378.997.792,222.777.692,2.303.437.439,2.291.667.032,2.144.873.704,1.695.933.627,1.925.170.469,167.193.666,2.627.813.846,3.346.708.888,3.277.194.971,3.069.551.079,332.414.843,3.243.026.912,3.147.107.071,3.147.107.071
Central African Republic,CAF,Sub-Saharan Africa,CO2 emissions (metric tons per capita),53.442.784,48.636.324,50.688.759,52.525.353,51.036.406,49.648.396,51.386.918,50.111.542,66.177.814,67.453.265,65.926.441,671.679,65.752.635,59.260.253,58.082.525,5.447.729,55.851.339,57.170.025,39.781.269,39.191.973,38.752.931,42.999.665,45.081.487,2.697.875,29.120.747,42.286.394,46.279.124,47.867.471,49.288.796,50.577.648,50.577.648
Canada,CAN,North America,CO2 emissions (metric tons per capita),1.514.888.987,1.474.101.397,150.282.342,1.471.338.582,1.506.034.534,1.529.060.285,1.559.259.037,1.594.398.546,1.607.651.198,1.625.852.275,1.675.762.643,1.633.156.895,1.672.030.149,1.720.830.161,1.679.426.996,1.702.748.527,165.953.499,1.738.057.011,1.655.692.294,1.550.214.503,1.579.214.123,159.959.443,1.573.447.396,1.583.846.027,1.584.990.541,1.564.858.561,1.542.060.171,1.554.457.104,1.565.057.904,1.543.061.283,1.543.061.283
Switzerland,CHE,Europe & Central Asia,CO2 emissions (metric tons per capita),6.452.219.106,6.716.198.199,6.646.920.803,626.237.251,6.089.683.784,6.169.852.459,6.223.265.482,6.030.549.707,6.223.627.817,623.321.054,6.084.142.395,6.244.939.386,5.980.985.175,6.109.823.415,6.127.509.688,6.165.024.808,6.077.017.721,5.766.034.471,5.878.910.791,5.639.327.378,5.777.702.857,5.205.754.138,5.317.086.349,5.381.151.799,4.859.165.525,4.719.648.777,4.737.656.377,4.578.884.688,440.199.099,4.359.041.462,4.359.041.462
Chile,CHL,Latin America & Caribbean,CO2 emissions (metric tons per capita),2.299.124.713,2.171.133.484,2.209.941.852,2.317.687.556,2.515.821.652,2.709.851.091,3.078.005.784,3.468.768.605,3.472.487.431,358.970.615,3.286.328.366,3.121.271.618,3.131.771.583,3.167.262.617,3.432.413.196,3.458.629.046,3.494.449.666,3.906.183.578,4.069.245.883,3.875.949.531,4.087.904.661,4.437.266.283,4.506.229.076,4.723.555.077,4.311.060.938,4.576.124.117,4.749.830.077,4.714.019.984,4.624.338.351,4.821.118.299,4.821.118.299
China,CHN,East Asia & Pacific,CO2 emissions (metric tons per capita),1.914.542.564,2.000.538.765,207.574.444,2.244.840.637,232.219.225,2.563.478.593,2.521.875.898,2.547.901.551,2.605.836.859,2.517.419.885,2.650.412.428,2.774.761.175,2.975.679.521,3.427.437.253,3.954.107.458,446.770.003,4.910.276.132,5.306.366.015,5.435.075.622,5.798.318.754,6.335.417.691,6.901.344.429,7.046.182.675,7.324.147.115,7.294.235.506,7.146.449.357,7.115.385.005,7.230.985.031,7.487.331.894,7.605.936.961,7.605.936.961
Cote d'Ivoire,CIV,Sub-Saharan Africa,CO2 emissions (metric tons per capita),227.256.089,22.568.426,216.196.337,223.032.003,224.965.523,237.327.972,276.165.392,328.471.818,320.089.148,426.007.728,394.417.144,385.094.025,396.946.561,301.711.176,304.387.853,320.357.185,303.920.338,29.523.374,330.008.281,300.610.999,309.259.106,291.031.488,373.134.534,393.435.075,406.222.759,422.368.807,402.556.792,432.123.221,406.474.439,421.129.515,421.129.515
Cameroon,CMR,Sub-Saharan Africa,CO2 emissions (metric tons per capita),246.178.169,574.233.855,548.021.965,448.535.384,349.180.537,344.118.052,340.710.332,338.807.137,342.303.589,316.954.107,335.826.918,323.939.303,3.136.156,310.103.009,296.651.275,283.081.514,279.306.978,327.277.496,331.901.941,355.231.325,344.620.171,325.737.695,320.219.438,341.980.233,363.726.897,363.115.439,379.494.758,373.279.083,380.310.156,364.424.922,364.424.922
"Congo, Dem. Rep.",COD,Sub-Saharan Africa,CO2 emissions (metric tons per capita),91.875.589,48.456.844,39.642.237,48.949.095,54.902.777,50.750.141,53.090.425,5.179.433,50.836.157,45.514.319,34.602.936,32.418.904,33.084.915,38.891.149,36.556.273,40.338.851,40.298.316,42.255.675,42.210.719,40.032.941,4.104.464,45.239.954,41.002.162,55.494.204,69.678.432,42.363.694,30.714.898,35.012.815,37.112.771,36.985.586,36.985.586
"Congo, Rep.",COG,Sub-Saharan Africa,CO2 emissions (metric tons per capita),1.357.807.819,1.316.923.666,1.257.055.879,1.050.830.508,782.572.193,975.057.728,1.137.907.578,1.140.452.477,1.314.518.552,1.303.303.809,1.390.922.869,1.317.617.226,833.742.146,948.071.795,1.002.715.302,1.189.695.728,1.276.319.812,1.070.657.483,1.086.878.789,1.167.559.259,1.268.210.657,1.224.162.351,1.166.246.226,1.152.991.586,1.095.638.253,1.165.546.016,1.104.196.831,1.058.563.169,1.237.519.175,1.349.316.017,1.349.316.017
Colombia,COL,Latin America & Caribbean,CO2 emissions (metric tons per capita),1.472.091.184,1.494.149.829,152.545.272,1.592.418.764,1.587.852.986,1.628.436.527,1.581.869.344,1.701.578.179,1.679.686.277,1.420.532.198,1.472.118.383,1.464.131.171,1.388.856.179,1.352.573.854,1.333.540.814,1.351.537.304,1.335.388.783,1.353.071.942,1.350.808.645,1.385.696.614,1.405.488.898,151.326.854,1.512.727.212,1.653.063.497,1.686.264.961,1.688.318.124,1.716.241.161,1.533.229.136,1.582.527.692,1.609.870.831,1.609.870.831
Comoros,COM,Sub-Saharan Africa,CO2 emissions (metric tons per capita),170.068.854,165.143.805,160.383.454,155.808.311,15.142.338,168.281.468,163.724.738,159.376.837,174.627.752,189.088.461,184.380.059,197.879.096,19.315.867,24.004.952,25.115.953,245.248.324,271.380.387,17.143.997,167.369.873,20.794.622,246.485.411,212.290.796,221.035.685,256.233.552,223.863.893,244.393.419,276.521.906,344.026.836,360.437.441,376.076.363,376.076.363
Cabo Verde,CPV,Sub-Saharan Africa,CO2 emissions (metric tons per capita),295.899.134,288.826.182,309.194.604,300.499.649,292.235.308,310.649.049,353.952.768,37.105.935,387.866.564,451.890.329,513.805.006,550.836.468,632.118.389,689.003.728,722.703.201,950.254.188,1.065.709.517,968.284.491,998.240.579,1.047.944.468,1.096.126.252,1.142.609.706,104.900.428,996.599.817,964.736.936,952.852.841,1.035.508.551,1.097.676.412,1.121.810.223,1.181.955.675,1.181.955.675
Costa Rica,CRI,Latin America & Caribbean,CO2 emissions (metric tons per capita),920.038.109,955.627.946,1.262.731.913,1.239.510.862,1.402.208.667,135.664.009,1.247.122.739,1.207.329.377,1.319.700.633,1.294.580.674,1.249.252.657,1.343.554.927,1.346.038.764,1.392.873.768,1.405.865.264,1.463.071.784,1.509.635.072,1.725.458.621,1.684.918.829,1.592.659.919,1.553.293.393,1.603.682.692,1.589.162.765,1.640.619.591,163.281.817,155.534.308,164.920.306,1.668.702.085,1.674.186.481,1.632.471.558,1.632.471.558
Cuba,CUB,Latin America & Caribbean,CO2 emissions (metric tons per capita),3.361.333.119,2.568.971.064,2.027.684.176,1.867.588.962,200.397.455,2.128.901.202,2.303.624.049,249.778.657,2.455.903.799,2.526.010.465,2.547.988.693,2.460.438.619,2.358.999.348,2.282.445.178,225.414.834,2.337.148.577,237.806.834,2.460.200.201,2.380.533.907,240.319.712,2.504.045.857,2.455.353.561,2.548.611.094,2.558.779.773,23.605.037,2.579.300.156,2.396.977.609,2.314.084.988,2.355.764.257,2.286.146.065,2.286.146.065
Curacao,CUW,Latin America & Caribbean,CO2 emissions (metric tons per capita),,,,,,,,,,,,,,,,,,,,,,,,,,,,,,,
Cayman Islands,CYM,Latin America & Caribbean,CO2 emissions (metric tons per capita),,,,,,,,,,,,,,,,,,,,,,,,,,,,,,,
Cyprus,CYP,Europe & Central Asia,CO2 emissions (metric tons per capita),5.987.352.208,6.525.172.994,6.844.780.855,7.010.687.023,7.143.676.294,6.838.977.731,710.993.261,706.919.961,7.274.047.826,7.418.613.918,755.866.713,7.279.172.403,7.339.032.677,7.880.736.103,7.699.844.825,7.687.389.951,7.651.782.674,7.812.294.746,7.849.714.277,7.540.372.167,7.100.376.945,6.783.205.135,6.255.253.007,5.621.287.658,5.909.934.629,5.900.152.116,6.169.943.308,6.238.953.732,6.054.174.614,5.998.795.283,5.998.795.283
Czech Republic,CZE,Europe & Central Asia,CO2 emissions (metric tons per capita),1.453.545.339,1.328.020.218,1.299.916.669,1.267.975.204,1.206.841.342,1.212.132.597,1.228.667.367,1.211.067.678,1.155.194.202,1.088.599.028,1.201.065.269,1.201.181.802,116.241.027,1.204.336.087,1.210.540.157,11.750.804,1.177.860.313,1.200.330.783,1.139.282.817,1.064.445.418,1.071.659.406,104.010.178,1.009.153.928,9.620.257.259,9.264.302.843,9.400.668.002,9.627.750.042,9.611.647.341,9.492.068.199,9.022.786.158,9.022.786.158
Germany,DEU,Europe & Central Asia,CO2 emissions (metric tons per capita),1.202.660.923,1.165.485.055,1.107.379.165,1.093.025.817,1.075.537.534,1.070.862.967,1.104.000.324,1.063.756.246,1.054.575.967,1.015.331.952,1.009.931.602,1.029.363.415,1.010.298.472,1.013.870.882,9.950.402.591,9.729.424.378,9.886.441.614,9.527.586.652,9.617.453.045,897.178.632,9.453.399.722,9.299.036.295,9.451.317.705,962.420.735,9.088.506.897,9.087.290.909,9.073.006.686,8.858.293.847,8.536.196.091,7.911.621.016,7.911.621.016
Djibouti,DJI,Middle East & North Africa,CO2 emissions (metric tons per capita),457.322.495,477.883.077,487.765.222,485.041.326,465.965.255,507.626.292,466.092.544,499.350.844,573.137.487,557.164.348,515.624.107,518.404.025,535.513.237,539.730.051,518.403.997,548.995.985,54.118.412,583.520.389,575.725.689,567.756.274,618.904.659,562.277.492,575.946.626,633.989.062,445.083.888,503.283.386,452.042.086,444.868.114,417.134.646,431.407.701,431.407.701
Dominica,DMA,Latin America & Caribbean,CO2 emissions (metric tons per capita),852.006.475,85.255.126,113.401.185,1.129.656.302,1.126.062.722,140.637.086,1.127.824.849,1.416.591.115,156.733.112,1.575.299.307,1.866.475.233,2.152.976.131,171.821.302,1.997.089.963,2.273.146.979,2.266.931.091,2.403.914.163,2.542.480.715,2.541.332.041,705.736.224,2.539.610.976,2.538.357.502,3.523.409.533,2.393.725.648,2.531.966.172,2.528.977.972,2.524.296.453,2.378.953.286,2.373.439.837,2.367.424.267,2.367.424.267
Denmark,DNK,Europe & Central Asia,CO2 emissions (metric tons per capita),1.013.239.021,1.218.400.644,1.102.802.546,114.404.039,1.213.941.892,1.146.488.125,1.393.482.212,120.435.399,1.125.707.668,106.599.291,9.850.895.645,1.012.356.724,1.001.500.952,1.098.769.807,9.941.672.844,9.262.963.492,1.069.102.319,9.779.475.634,9.125.129.139,8.678.105.357,8.673.891.232,773.708.669,6.835.287.325,7.116.737.849,6.347.153.074,5.929.462.754,6.166.190.299,5.746.767.737,5.718.343.553,5.107.988.509,5.107.988.509
Dominican Republic,DOM,Latin America & Caribbean,CO2 emissions (metric tons per capita),1.101.844.805,1.131.985.212,129.853.669,1.261.517.476,144.982.103,1.514.213.851,1.600.700.939,1.793.576.202,2.023.269.548,2.132.252.896,220.390.761,2.207.336.335,2.393.130.244,2.116.308.325,1.925.467.548,2.054.464.358,2.209.643.748,2.209.049.927,2.175.917.533,2.052.891.491,2.133.032.567,2.130.799.267,2.183.081.632,2.118.782.053,2.110.144.291,2.294.373.257,2.364.937.465,2.240.059.982,2.381.636.338,2.535.627.952,2.535.627.952
Algeria,DZA,Middle East & North Africa,CO2 emissions (metric tons per capita),2.443.429.976,2.516.243.273,2.472.960.779,2.613.303.742,2.609.009.067,2.658.062.574,2.600.933.527,2.502.439.231,2.472.447.856,2.531.070.515,2.578.744.484,250.067.461,2.586.712.195,2.733.373.662,2.737.354.064,2.841.351.373,2.966.914.681,3.007.289.846,3.102.451.083,3.174.573.294,3.173.654.529,3.294.742.583,3.609.307.651,3.644.979.345,3.795.632.251,3.933.495.912,3.820.090.337,3.825.637.988,3.920.109.085,3.977.650.459,3.977.650.459
Ecuador,ECU,Latin America & Caribbean,CO2 emissions (metric tons per capita),1.507.194.213,150.298.745,1.572.395.858,1.546.326.858,1.677.373.454,1.826.244.052,2.050.726.602,2.087.611.577,2.005.992.729,173.684.381,1.738.804.994,1.877.711.066,1.838.936.694,1.844.472.234,1.925.511.132,2.041.105.738,2.143.053.343,214.317.376,21.801.436,2.335.118.311,2.481.494.711,2.433.762.684,2.396.908.547,252.745.943,2.620.388.632,256.106.243,2.414.027.127,229.664.472,2.349.517.438,2.261.469.817,2.261.469.817
"Egypt, Arab Rep.",EGY,Middle East & North Africa,CO2 emissions (metric tons per capita),1.563.210.403,1.556.302.956,154.942.798,1.547.411.237,1.438.724.008,1.503.512.728,155.562.046,1.634.401.164,1.676.428.486,1.726.119.823,1.665.079.192,1.806.061.187,1.810.728.443,1.826.542.965,1.948.172.596,2.147.938.562,222.117.664,234.430.544,238.509.982,2.436.192.983,242.033.575,2.434.305.307,2.487.785.551,2.419.103.472,2.423.232.509,244.779.056,2.448.249.515,2.511.649.632,2.518.806.451,2.484.059.911,2.484.059.911
Eritrea,ERI,Sub-Saharan Africa,CO2 emissions (metric tons per capita),,,19.489.784,281.421.994,329.060.654,362.939.026,396.090.631,378.099.046,276.463.569,290.514.219,279.181.805,29.477.147,274.076.516,265.285.439,250.017.559,212.265.186,17.819.148,17.019.629,146.925.243,150.644.888,157.706.966,177.350.806,190.763.128,195.035.548,196.288.983,194.446.714,195.465.331,210.964.662,246.177.237,251.635.846,251.635.846
Spain,ESP,Europe & Central Asia,CO2 emissions (metric tons per capita),5.530.352.721,5.699.785.887,5.934.211.892,5.540.472.762,5.776.362.895,605.602.903,576.863.509,6.206.095.959,6.369.906.713,6.890.852.536,7.230.107.062,7.216.328.687,7.548.593.756,7.553.396.348,7.817.921.309,8.029.202.013,7.698.212.561,7.842.252.141,7.056.387.715,6.200.856.827,5.866.642.426,587.043.563,5.756.946.794,5.208.274.629,5.184.067.004,551.794.436,5.314.294.581,5.654.254.455,5.492.571.471,509.135.092,509.135.092
Estonia,EST,Europe & Central Asia,CO2 emissions (metric tons per capita),224.831.663,2.020.093.332,1.553.723.817,122.747.181,1.218.449.875,1.131.812.278,1.215.037.645,1.198.255.135,1.171.585.305,109.980.694,1.068.014.331,1.107.977.365,1.083.843.826,1.235.846.893,1.249.128.506,1.271.797.866,1.186.507.343,1.490.288.476,1.376.122.746,1.127.750.545,1.426.988.866,1.368.801.133,127.693.736,1.465.860.673,1.364.730.803,1.181.383.402,1.215.239.497,1.268.422.805,1.158.870.366,7.672.277.909,7.672.277.909
Ethiopia,ETH,Sub-Saharan Africa,CO2 emissions (metric tons per capita),48.237.691,4.696.636,29.558.418,36.400.784,40.956.131,45.049.857,48.740.284,50.413.985,51.673.614,49.422.619,53.756.289,64.554.538,65.153.465,69.557.428,71.794.656,66.145.963,68.799.271,73.877.268,78.271.761,76.612.691,73.824.767,83.647.726,91.451.262,105.676.114,125.797.367,127.832.027,144.493.245,148.684.311,157.840.173,163.813.429,163.813.429
Finland,FIN,Europe & Central Asia,CO2 emissions (metric tons per capita),1.094.169.357,1.099.578.359,1.036.891.768,1.055.177.326,1.177.792.413,1.098.126.587,1.220.979.777,1.179.415.293,1.111.284.025,1.093.994.472,1.064.485.611,1.177.523.242,121.985.969,1.375.595.751,1.294.525.129,1.057.167.065,1.272.627.915,1.230.921.631,106.636.072,1.014.821.304,1.165.875.348,1.022.962.444,9.126.387.978,922.784.648,8.451.871.908,7.814.537.356,8.316.193.077,7.810.154.155,8.082.639.791,7.372.854.761,7.372.854.761
Fiji,FJI,East Asia & Pacific,CO2 emissions (metric tons per capita),947.054.181,924.669.363,967.130.979,927.198.985,91.430.721,915.623.372,981.655.786,946.090.502,912.331.219,930.172.566,998.753.408,1.277.762.147,1.079.414.216,128.664.166,1.797.364.878,1.570.095.596,166.693.039,150.684.357,1.147.445.607,1.136.315.747,1.349.125.821,1.285.539.092,119.066.194,1.305.449.843,1.488.838.858,1.588.704.993,1.742.308.032,1.880.427.571,1.844.955.795,1.831.553.275,1.831.553.275
France,FRA,Europe & Central Asia,CO2 emissions (metric tons per capita),6.117.208.209,6.500.247.467,6.263.082.143,5.911.675.954,5.805.094.459,5.915.833.662,6.157.003.248,5.988.008.873,6.332.173.623,6.197.031.415,6.125.507.901,61.399.245,6.003.048.171,6.052.063.904,6.024.888.047,6.025.069.386,5.840.018.106,5.667.781.492,5.561.011.371,5.312.096.451,5.348.198.409,5.128.951.791,5.154.142.128,512.979.914,4.616.052.854,4.677.807.228,470.474.678,4.749.542.598,4.575.874.163,4.468.770.089,4.468.770.089
Faroe Islands,FRO,Europe & Central Asia,CO2 emissions (metric tons per capita),,,,,,,,,,,,,,,,,,,,,,,,,,,,,,,
"Micronesia, Fed. Sts.",FSM,East Asia & Pacific,CO2 emissions (metric tons per capita),,,1.084.962.421,1.058.700.109,1.037.442.233,1.115.915.748,110.792.071,1.106.266.075,1.201.412.121,1.206.283.811,1.210.371.957,1.399.645.423,1.308.081.144,1.496.697.877,1.500.600.207,1.507.513.981,1.328.600.989,134.045.691,1.158.871.619,1.262.491.335,1.068.832.829,1.160.003.067,124.394.767,1.321.727.314,1.303.004.361,1.377.587.623,1.542.439.793,1.614.914.698,150.923.297,1.581.569.507,1.581.569.507
Gabon,GAB,Sub-Saharan Africa,CO2 emissions (metric tons per capita),4.318.093.972,4.673.160.584,4.518.374.223,4.515.575.823,4.369.819.116,4.802.060.185,5.220.388.447,4.871.501.018,546.125.373,5.028.947.724,4.949.693.046,4.952.273.753,462.621.577,4.878.987.517,4.498.488.798,4.357.987.805,3.803.812.803,3.354.690.664,3.470.443.269,3.314.371.184,3.546.479.337,3.431.022.623,3.200.590.683,3.186.448.492,3.163.816.156,3.142.183.759,3.197.399.088,2.581.348.773,2.415.920.485,2.416.484.011,2.416.484.011
United Kingdom,GBR,Europe & Central Asia,CO2 emissions (metric tons per capita),9.812.990.193,993.784.978,9.688.886.854,9.379.643.108,9.248.649.611,9.079.951.871,9.377.833.976,8.988.638.193,8.993.429.855,8.908.112.348,9.014.558.285,9.222.987.414,8.940.301.425,9.104.141.448,9.053.158.584,8.955.450.044,8.908.600.278,8.650.989.769,8.337.891.639,7.490.653.988,7.686.282.334,7.043.919.991,7.343.460.282,7.075.818.333,643.320.778,6.159.448.333,5.804.004.752,5.555.651.514,5.427.748.177,5.220.514.488,5.220.514.488
Georgia,GEO,Europe & Central Asia,CO2 emissions (metric tons per capita),6.974.177.426,5.275.129.759,4.118.190.212,3.276.251.756,2.158.775.007,1.756.223.321,141.594.528,1.268.990.897,1.175.886.457,108.727.237,1.169.940.333,876.849.261,743.996.199,799.648.581,858.087.124,1.086.491.596,1.211.231.833,1.458.489.553,125.764.955,1.473.356.725,1.404.919.111,1.735.685.448,1.928.196.034,2.108.848.922,2.277.240.519,2.469.615.623,2.588.862.958,2.609.975.618,2.568.059.536,2.717.624.226,2.717.624.226
Ghana,GHA,Sub-Saharan Africa,CO2 emissions (metric tons per capita),188.854.549,168.339.541,196.763.056,198.053.537,208.916.042,218.054.975,234.216.124,24.010.305,332.295.428,349.769.877,297.735.601,314.320.105,366.979.247,344.091.272,31.402.298,322.718.935,380.266.256,397.144.284,367.512.374,414.133.624,451.580.867,462.822.311,561.999.712,587.425.248,554.280.565,566.623.028,564.217.035,584.105.258,627.538.298,658.823.541,658.823.541
Gibraltar,GIB,Europe & Central Asia,CO2 emissions (metric tons per capita),,,,,,,,,,,,,,,,,,,,,,,,,,,,,,,
Guinea,GIN,Sub-Saharan Africa,CO2 emissions (metric tons per capita),157.423.742,156.084.161,156.342.316,156.585.939,158.167.092,159.567.934,16.479.581,168.361.791,173.010.997,177.535.105,180.809.115,186.525.449,189.842.229,194.216.978,198.303.128,200.887.312,204.138.179,208.023.423,206.391.015,21.275.591,245.286.381,251.428.453,23.281.943,200.131.818,200.879.386,222.181.476,240.236.469,276.776.092,302.071.193,309.288.541,309.288.541
"Gambia, The",GMB,Sub-Saharan Africa,CO2 emissions (metric tons per capita),198.829.002,201.476.622,194.651.749,197.952.418,191.917.706,194.935.747,188.988.662,191.583.328,193.841.651,203.583.381,182.134.433,227.929.445,213.635.204,206.907.262,213.828.841,213.765.883,226.209.665,250.023.476,254.545.114,281.564.377,245.371.539,243.487.777,241.467.286,224.065.899,25.691.229,254.091.824,246.610.947,243.913.466,241.218.342,247.050.718,247.050.718
Guinea-Bissau,GNB,Sub-Saharan Africa,CO2 emissions (metric tons per capita),174.311.597,170.422.306,176.409.537,172.509.466,168.800.904,165.312.026,162.040.267,176.599.662,147.266.219,161.409.119,12.486.421,122.238.928,119.573.939,148.056.138,152.265.871,156.141.834,159.700.111,162.942.027,152.045.425,154.994.881,157.624.801,153.551.253,155.765.084,151.675.192,159.533.648,16.117.826,173.919.484,169.570.703,170.730.038,171.792.958,171.792.958
Equatorial Guinea,GNQ,Sub-Saharan Africa,CO2 emissions (metric tons per capita),143.133.868,161.721.082,201.221.189,2.075.061.009,2.149.868.816,2.214.313.321,2.306.898.985,3.075.724.333,3.527.330.545,5.552.069.994,3.662.278.531,5.382.625.518,7.032.327.616,729.608.142,8.647.755.711,1.110.033.354,1.194.400.452,1.039.326.453,1.136.100.912,1.076.987.412,1.054.427.516,1.012.300.595,9.522.968.776,8.528.333.301,7.048.195.802,5.622.232.353,5.480.664.895,4.595.850.574,4.912.274.137,3.945.480.032,3.945.480.032
Greece,GRC,Europe & Central Asia,CO2 emissions (metric tons per capita),7.416.057.913,7.346.951.195,751.798.648,7.465.286.989,7.583.999.957,7.842.151.122,7.800.128.195,7.856.482.991,8.127.412.607,8.121.394.969,8.741.595.261,8.894.202.354,8.860.741.473,917.087.841,9.113.529.104,9.278.882.623,9.137.630.592,9.441.123.453,9.064.040.878,8.529.742.762,7.874.949.777,761.375.705,7.251.237.354,6.609.996.229,6.385.178.661,628.506.954,6.203.617.147,6.211.250.289,60.580.184,559.618.907,559.618.907
Grenada,GRD,Latin America & Caribbean,CO2 emissions (metric tons per capita),1.141.931.733,1.244.013.187,1.749.673.223,1.526.966.224,1.610.549.097,1.695.151.866,1.881.132.244,1.969.143.521,2.156.376.503,2.147.829.228,2.042.066.571,2.227.775.518,2.315.797.548,2.403.776.814,220.420.528,2.388.732.825,2.477.653.381,2.662.027.145,2.749.935.914,7.656.895.482,2.730.002.651,2.903.002.289,381.565.719,2.958.251.607,2.295.684.114,2.463.436.318,2.539.383.122,2.615.581.576,2.871.268.408,2.946.376.075,2.946.376.075
Greenland,GRL,Europe & Central Asia,CO2 emissions (metric tons per capita),,,,,,,,,,,,,,,,,,,,,,,,,,,,,,,
Guatemala,GTM,Latin America & Caribbean,CO2 emissions (metric tons per capita),434.248.626,433.481.836,5.060.742,521.928.185,540.970.172,617.296.792,587.456.968,607.135.726,75.048.331,724.953.006,81.278.639,826.344.294,861.904.487,848.950.174,847.650.879,890.464.915,871.846.874,920.826.905,818.091.212,846.417.112,802.261.619,808.455.576,821.948.809,864.132.971,911.388.463,1.049.628.082,1.105.025.419,1.029.997.461,1.120.698.338,1.162.970.924,1.162.970.924
Guam,GUM,East Asia & Pacific,CO2 emissions (metric tons per capita),,,,,,,,,,,,,,,,,,,,,,,,,,,,,,,
Guyana,GUY,Latin America & Caribbean,CO2 emissions (metric tons per capita),1.574.048.911,1.531.276.319,1.442.700.736,1.445.353.057,1.857.962.092,2.009.725.495,2.076.758.574,2.269.204.129,2.321.638.466,2.321.002.673,222.306.145,2.200.733.757,2.175.112.689,2.174.082.262,2.239.395.333,1.983.499.455,1.782.041.634,2.156.797.884,2.142.431.558,2.179.966.238,2.348.451.477,2.433.416.853,2.647.645.978,2.607.730.233,2.698.556.721,2.710.334.223,3.215.088.122,3.186.200.564,3.324.745.367,3.640.892.855,3.640.892.855
"Hong Kong SAR, China",HKG,East Asia & Pacific,CO2 emissions (metric tons per capita),,,,,,,,,,,,,,,,,,,,,,,,,,,,,,,
Honduras,HND,Latin America & Caribbean,CO2 emissions (metric tons per capita),494.419.916,480.524.631,520.527.766,537.592.948,585.694.388,677.875.849,663.850.804,668.243.103,752.362.587,742.519.313,758.991.925,859.015.935,878.880.862,947.043.924,1.038.040.468,934.443.841,1.043.973.254,1.093.677.158,1.076.312.315,990.089.255,983.472.529,1.038.833.066,106.935.877,1.064.951.336,1.056.324.782,1.089.663.658,1.021.487.509,98.207.493,1.048.237.401,1.048.622.992,1.048.622.992
Croatia,HRV,Europe & Central Asia,CO2 emissions (metric tons per capita),4.257.574.464,3.143.512.656,3.286.844.013,3.377.920.874,3.196.458.144,3.346.298.617,3.348.623.038,3.764.123.733,4.088.580.768,4.104.066.904,4.037.327.826,4.465.488.057,4.713.895.971,5.021.612.128,4.901.733.118,4.976.630.894,5.012.573.327,5.308.317.229,5.042.108.344,4.717.571.565,4.530.399.209,4.445.615.774,4.079.616.457,3.997.002.654,3.831.644.469,3.948.992.432,4.043.744.105,4.221.085.948,4.019.234.669,4.063.707.833,4.063.707.833
Haiti,HTI,Latin America & Caribbean,CO2 emissions (metric tons per capita),144.929.287,139.302.715,12.295.937,92.484.818,24.992.377,11.621.137,134.393.061,158.142.712,160.250.921,165.883.927,173.680.812,185.856.117,209.043.763,203.368.312,184.589.899,184.877.283,184.059.902,215.895.462,210.437.489,203.101.721,247.253.132,267.318.268,236.076.333,254.791.238,286.282.868,30.666.988,309.963.776,303.213.317,295.778.642,294.768.414,294.768.414
Hungary,HUN,Europe & Central Asia,CO2 emissions (metric tons per capita),6.498.947.174,6.222.646.384,5.593.412.349,5.636.482.777,5.586.195.195,556.009.242,5.668.572.484,5.538.125.216,5.586.091.557,565.663.788,5.350.127.818,5.524.375.965,5.473.190.665,574.457.771,5.575.263.133,5.543.733.303,5.506.698.601,5.355.128.938,5.280.833.386,4.773.188.743,4.787.989.094,4.704.300.453,4.377.864.468,4.120.050.589,411.798.843,4.407.180.501,450.885.432,4.744.601.547,4.746.529.359,474.663.103,474.663.103
Indonesia,IDN,East Asia & Pacific,CO2 emissions (metric tons per capita),818.737.765,879.778.596,913.551.696,969.813.213,1.027.138.052,1.135.810.516,1.184.184.804,1.287.603.307,1.276.949.883,1.339.691.637,1.326.863.641,1.408.681.788,140.616.085,1.515.549.968,1.528.266.442,1.512.001.407,1.589.363.176,1.635.120.972,1.597.402.667,1.638.919.951,1.718.201.745,1.939.122.786,1.938.042.616,1.778.914.016,1.896.733.638,1.890.795.841,1.844.764.783,1.954.725.536,215.559.759,2.290.397.148,2.290.397.148
Isle of Man,IMN,Europe & Central Asia,CO2 emissions (metric tons per capita),,,,,,,,,,,,,,,,,,,,,,,,,,,,,,,
India,IND,South Asia,CO2 emissions (metric tons per capita),645.361.649,681.306.247,688.755.269,702.336.947,725.358.158,765.476.409,787.965.578,818.533.297,820.287.851,868.284.688,887.641.212,887.013.876,901.339.542,910.255.466,961.090.201,99.029.291,1.042.663.453,1.129.757.683,118.632.121,1.285.083.612,1.344.896.147,1.405.068.333,1.508.508.252,1.539.947.839,1.657.231.271,1.647.151.914,1.657.396.308,1.733.360.844,18.126.965,1.797.620.119,1.797.620.119
Ireland,IRL,Europe & Central Asia,CO2 emissions (metric tons per capita),8.810.537.585,8.904.331.489,8.855.028.763,8.850.025.208,9.141.078.424,9.268.903.784,9.572.482.275,9.789.963.505,1.034.827.522,106.450.807,1.117.688.705,115.926.495,1.117.258.201,110.320.952,1.097.963.685,1.121.417.451,1.105.861.518,105.388.979,1.019.702.642,8.943.031.474,8.813.296.615,8.008.586.809,8.072.558.903,7.723.057.986,7.628.162.753,7.881.824.817,8.163.462.657,7.858.737.173,7.737.323.783,7.245.143.221,7.245.143.221
"Iran, Islamic Rep.",IRN,Middle East & North Africa,CO2 emissions (metric tons per capita),3.521.081.033,3.798.607.899,3.974.966.067,3.963.749.034,4.401.507.243,4.419.079.656,4.491.698.593,4.631.249.508,4.548.720.471,4.990.056.076,5.187.936.248,532.843.848,549.708.091,5.721.566.758,6.057.320.614,6.461.795.522,6.862.471.364,7.207.252.776,725.243.453,7.436.286.869,7.336.652.683,7.396.667.663,740.165.311,7.631.864.943,781.441.898,7.633.623.871,7.631.719.002,7.764.841.864,7.792.523.264,7.598.364.845,7.598.364.845
Iraq,IRQ,Middle East & North Africa,CO2 emissions (metric tons per capita),3.686.180.806,2.546.192.431,36.592.377,4.724.853.017,5.226.377.052,496.641.528,4.757.717.976,5.546.284.281,4.150.250.087,3.188.746.842,3.729.318.782,4.029.629.987,3.656.356.845,3.169.490.116,3.348.428.329,3.162.065.041,3.022.428.749,2.746.205.329,3.105.080.315,3.251.285.214,3.649.723.858,3.679.052.199,4.045.153.699,4.195.185.035,3.895.158.431,3.743.646.439,3.884.936.915,4.129.653.375,4.244.982.955,4.440.624.129,4.440.624.129
Iceland,ISL,Europe & Central Asia,CO2 emissions (metric tons per capita),765.228.038,7.408.930.282,7.431.327.258,7.507.820.647,7.856.522.605,7.477.530.022,8.441.297.654,7.929.833.879,784.536.959,7.642.917.143,7.930.157.714,7.579.798.434,7.790.681.127,7.702.377.441,794.319.225,7.717.349.417,7.669.973.612,7.638.831.305,6.868.002.252,6.624.824.238,6.162.727.567,5.924.504.836,5.799.523.611,6.269.999.047,6.261.721.492,6.227.045.154,4.859.303.764,4.863.133.247,4.819.673.475,4.548.442.258,4.548.442.258
Israel,ISR,Middle East & North Africa,CO2 emissions (metric tons per capita),7.255.364.807,6.975.146.494,7.195.002.928,7.698.156.244,8.031.116.873,8.436.429.216,856.113.844,8.733.721.727,8.625.020.935,8.649.795.918,9.063.444.109,8.999.844.696,9.296.803.932,9.406.998.865,9.275.958.268,8.803.624.525,9.120.036.553,9.275.636.617,9.127.353.202,8.780.859.698,9.250.222.551,8.990.702.786,9.615.068.271,8.313.170.792,7.877.600.353,7.892.507.176,7.603.557.613,7.529.868.203,687.621.041,6.919.593.718,6.919.593.718
Italy,ITA,Europe & Central Asia,CO2 emissions (metric tons per capita),7.145.018.163,7.119.107.279,7.082.581.542,6.984.291.424,6.901.240.953,732.562.417,7.248.469.279,7.303.872.086,7.492.433.586,7.607.835.904,7.662.168.039,7.662.604.587,777.212.967,8.064.459.636,818.925.745,8.173.783.064,8.025.766.415,7.860.767.964,7.564.248.487,671.897.022,6.836.836.177,6.680.594.198,6.327.708.948,5.751.905.744,538.747.546,5.563.259.469,5.498.165.145,5.437.857.589,537.687.093,5.311.315.442,5.311.315.442
Jamaica,JAM,Latin America & Caribbean,CO2 emissions (metric tons per capita),3.086.903.142,3.037.720.619,3.311.598.681,3.348.650.458,3.339.920.177,3.425.813.187,3.533.139.402,3.560.490.016,3.725.745.283,3.790.818.243,378.950.826,3.768.638.497,3.806.386.039,3.908.559.691,3.878.874.772,3.854.014.752,4.378.426.925,4.342.126.485,3.458.106.721,2.818.474.209,2.661.482.239,2.664.607.715,2.448.869.311,2.588.580.197,2.500.750.419,2.452.418.296,2.604.738.412,2.471.884.805,2.933.707.295,2.845.730.012,2.845.730.012
Jordan,JOR,Middle East & North Africa,CO2 emissions (metric tons per capita),2.784.720.103,2.600.722.831,2.999.245.538,2.903.684.085,2.945.339.799,296.371.067,2.930.582.178,2.963.781.232,2.957.134.694,2.907.534.828,3.176.186.604,3.114.621.124,3.172.535.294,318.547.751,3.329.605.285,344.627.904,3.366.409.389,3.371.546.348,3.051.945.799,2.997.131.378,2.781.778.794,2.709.171.986,298.147.233,279.375.767,2.864.728.014,2.731.322.514,2.597.786.972,2.672.228.405,2.486.623.181,2.438.204.112,2.438.204.112
Japan,JPN,East Asia & Pacific,CO2 emissions (metric tons per capita),8.831.775.701,8.905.650.027,8.961.703.838,8.873.018.289,9.273.035.198,9.332.839.199,9.420.310.599,9.302.379.082,8.942.325.949,9.202.485.963,9.323.415.561,9.204.791.229,9.467.613.289,951.275.428,9.469.634.517,949.198.928,9.303.737.228,9.570.784.184,9.044.142.107,8.598.248.928,9.030.061.533,9.493.010.565,9.822.297.325,9.908.431.318,9.562.839.774,9.276.629.423,9.189.697.811,9.098.304.984,8.801.681.435,8.540.980.205,8.540.980.205
Kazakhstan,KAZ,Europe & Central Asia,CO2 emissions (metric tons per capita),1.451.247.859,1.497.534.208,1.544.123.931,1.338.406.629,1.233.574.177,1.107.974.884,9.846.435.028,8.623.745.101,9.012.954.131,8.215.898.128,8.072.629.613,7.903.981.166,8.820.274.326,9.802.120.407,1.052.622.175,1.117.116.807,121.047.148,1.281.242.182,1.534.074.602,1.327.361.979,1.407.314.044,1.482.436.446,1.456.638.251,1.526.278.838,1.210.241.477,1.087.226.272,1.136.053.552,1.189.614.517,118.513.159,1.145.693.783,1.145.693.783
Kenya,KEN,Sub-Saharan Africa,CO2 emissions (metric tons per capita),258.803.383,240.195.282,234.935.687,224.209.954,217.806.655,229.398.295,243.796.174,225.730.104,236.690.397,240.845.592,260.288.294,231.669.148,219.840.481,188.299.589,208.781.937,227.167.866,247.018.262,242.081.741,24.904.513,286.295.484,300.732.682,301.772.158,273.997.499,309.754.058,324.410.689,359.452.718,389.590.299,377.928.444,340.321.563,423.783.898,423.783.898
Kyrgyz Republic,KGZ,Europe & Central Asia,CO2 emissions (metric tons per capita),518.309.346,4.574.782.687,3.056.207.645,2.238.359.865,1.450.687.692,1.008.683.449,1.246.651.111,1.211.566.306,1.266.512.896,989.587.637,95.337.253,802.814.908,995.852.243,1.108.401.275,1.089.192.302,1.026.614.534,1.019.469.602,1.228.076.796,1.411.999.216,1.255.735.372,1.165.586.722,138.178.651,1.794.121.918,1.639.974.843,1.663.953.395,1.724.051.177,1.595.525.916,1.521.409.491,1.779.275.005,1.556.643.256,1.556.643.256
Cambodia,KHM,East Asia & Pacific,CO2 emissions (metric tons per capita),140.380.634,139.945.989,140.275.786,138.405.153,143.440.027,137.948.573,139.307.228,145.150.804,16.206.184,16.068.698,161.247.317,173.311.469,174.873.333,185.125.113,182.145.538,200.401.487,219.621.964,267.544.785,292.426.404,337.032.292,35.913.403,368.602.225,383.614.744,381.996.121,455.006.519,543.119.905,70.213.092,792.658.643,897.242.084,98.140.655,98.140.655
Kiribati,KIR,East Asia & Pacific,CO2 emissions (metric tons per capita),276.265.989,271.399.881,267.497.693,396.243.611,391.297.543,386.020.897,380.208.861,374.120.816,367.836.386,361.580.831,355.429.181,349.471.134,458.148.155,450.247.626,552.498.406,758.240.452,74.198.917,621.561.971,607.533.401,594.483.183,485.767.033,477.395.338,564.127.142,556.137.428,548.511.237,540.896.253,622.061.871,788.415.579,776.920.319,765.254.095,765.254.095
St. Kitts and Nevis,KNA,Latin America & Caribbean,CO2 emissions (metric tons per capita),2.732.240.437,2.724.053.391,3.686.318.842,3.402.931.382,3.604.209.717,3.564.892.934,3.531.738.557,3.733.345.778,4.164.256.796,412.635.826,4.310.051.494,4.708.309.044,5.092.100.695,5.027.432.385,5.181.011.477,4.695.637.301,4.859.189.237,5.233.519.647,5.189.090.456,1.440.358.831,4.896.859.779,5.663.201.351,6.816.222.682,4.570.020.747,4.529.699.153,4.687.133.713,4.648.550.129,4.612.191.457,4.767.534.994,4.731.801.491,4.731.801.491
"Korea, Rep.",KOR,East Asia & Pacific,CO2 emissions (metric tons per capita),577.756.339,6.346.819.075,6.790.030.585,741.266.563,7.936.106.147,8.547.004.567,9.005.884.083,939.295.698,7.919.587.271,8.620.949.108,9.714.493.739,9.954.155.954,9.717.757.697,9.723.895.501,1.010.575.182,9.982.450.603,1.007.157.738,1.034.618.659,1.049.685.145,1.068.065.582,1.160.791.602,1.198.478.721,119.586.009,1.189.000.868,1.158.874.374,1.191.474.367,1.202.472.517,1.220.028.602,1.222.524.582,1.179.932.538,1.179.932.538
Kuwait,KWT,Middle East & North Africa,CO2 emissions (metric tons per capita),1.390.221.204,3.849.757.076,,,,2.257.291.362,2.190.111.245,2.180.958.768,230.077.641,2.343.667.537,2.437.017.236,2.528.915.647,2.601.321.211,2.688.716.685,2.813.454.038,3.079.469.952,3.051.404.573,2.819.459.481,2.855.410.798,275.253.006,2.697.965.604,2.629.058.751,2.547.440.065,2.477.326.637,231.838.022,2.320.895.692,2.313.702.198,2.236.876.769,2.208.921.039,220.224.164,220.224.164
Lao PDR,LAO,East Asia & Pacific,CO2 emissions (metric tons per capita),119.761.295,125.592.741,133.323.082,132.036.175,135.139.786,13.824.475,157.537.917,164.346.412,165.221.754,168.088.447,169.055.324,184.857.098,202.066.285,20.621.736,2.136.979,219.066.618,280.530.097,291.003.292,339.031.816,413.100.752,460.861.368,478.923.877,50.740.729,635.958.995,653.637.811,1.317.280.722,2.293.360.853,2.739.812.211,2.741.627.996,2.609.681.834,2.609.681.834
Lebanon,LBN,Middle East & North Africa,CO2 emissions (metric tons per capita),2.004.971.759,240.955.608,2.282.085.983,3.182.251.845,331.143.438,3.769.436.333,3.910.639.126,4.409.001.141,4.402.311.728,4.546.713.479,4.077.783.393,423.202.311,4.026.584.099,3.967.297.222,39.130.059,367.756.536,3.409.835.694,3.154.794.472,3.914.165.316,4.550.151.946,421.153.464,4.071.493.797,4.238.282.748,3.930.312.343,4.016.900.629,4.134.596.535,4.141.917.722,4.299.515.468,4.051.370.164,4.076.894.274,4.076.894.274
Liberia,LBR,Sub-Saharan Africa,CO2 emissions (metric tons per capita),216.771.672,181.360.014,19.983.893,21.247.523,211.428.091,205.413.426,203.658.446,193.447.711,194.639.702,148.164.172,150.959.453,152.339.529,148.773.753,155.993.308,178.591.134,208.196.483,207.256.313,184.868.989,149.673.095,143.841.627,187.595.232,211.577.212,229.709.292,216.555.329,2.798.481,281.738.701,307.404.651,272.211.611,23.448.965,23.899.343,23.899.343
Libya,LBY,Middle East & North Africa,CO2 emissions (metric tons per capita),6.446.286.319,634.208.763,5.663.424.854,6.430.943.902,7.959.016.831,8.785.975.417,9.020.738.565,8.245.395.474,8.062.694.279,819.193.464,8.346.564.592,8.166.078.752,824.248.791,8.703.781.959,8.486.622.726,913.838.937,8.989.490.546,8.266.404.753,8.792.257.212,919.467.249,9.608.454.155,6.714.752.633,9.168.355.709,9.273.220.725,9.116.574.105,7.997.426.401,7.847.927.464,8.382.057.693,8.477.868.963,8.380.729.344,8.380.729.344
St. Lucia,LCA,Latin America & Caribbean,CO2 emissions (metric tons per capita),1.376.622.059,1.428.561.225,2.116.282.679,2.022.286.997,2.136.752.137,2.314.956.663,2.284.378.212,2.319.109.462,2.548.636.479,2.516.323.844,2.488.244.639,2.655.135.791,26.977.515,2.803.214.278,2.780.850.372,2.692.646.612,2.902.441.614,2.863.210.072,2.882.166.504,7.954.802.812,3.044.367.182,3.361.095.454,4.245.587.419,2.873.158.449,2.860.235.383,2.791.253.329,2.832.892.608,2.928.904.818,2.913.848.872,295.412.906,295.412.906
Liechtenstein,LIE,Europe & Central Asia,CO2 emissions (metric tons per capita),6.946.856.547,7.200.164.575,7.106.118.029,7.336.512.489,6.575.702.778,6.475.845.098,6.697.710.021,6.911.718.505,7.119.420.541,701.968.564,6.629.701.061,6.260.620.696,649.254.829,67.306.568,6.677.505.637,6.624.805.697,6.576.125.923,5.679.075.531,6.202.599.419,5.878.565.446,5.278.364.196,4.958.814.489,5.189.130.073,5.143.475.842,4.298.879.508,4.270.652.514,3.983.534.881,4.232.244.318,3.692.177.873,3.945.292.108,3.945.292.108
Sri Lanka,LKA,South Asia,CO2 emissions (metric tons per capita),221.635.184,227.535.412,295.994.317,283.963.689,318.881.886,319.027.927,455.156.967,451.521.115,46.378.604,509.020.568,582.076.331,573.718.096,597.508.967,645.546.016,663.841.663,715.272.864,629.570.172,684.909.284,641.013.344,610.728.505,645.058.173,755.938.089,824.969.419,703.424.802,847.049.783,970.910.854,1.034.287.615,1.089.349.031,100.092.296,1.090.675.627,1.090.675.627
Lesotho,LSO,Sub-Saharan Africa,CO2 emissions (metric tons per capita),199.558.975,200.856.913,196.377.233,197.559.373,193.410.816,194.880.644,191.284.262,193.084.133,195.241.709,193.094.925,191.853.129,196.488.939,201.987.158,20.313.572,214.361.955,215.418.454,216.087.681,221.447.602,23.148.964,266.313.577,275.609.793,284.460.517,307.694.142,30.071.067,298.515.066,315.685.529,332.523.549,334.682.897,346.246.108,362.307.409,362.307.409
Lithuania,LTU,Europe & Central Asia,CO2 emissions (metric tons per capita),8.713.199.442,9.257.224.496,5.399.833.627,4.274.139.042,4.049.608.109,3.786.060.574,3.951.007.507,3.893.557.086,4.144.442.995,3.475.928.697,3.003.255.289,3.212.499.186,3.258.722.606,3.288.228.155,3.526.720.564,3.861.517.472,3.981.762.324,4.088.145.504,4.083.507.545,3.695.956.383,4.068.083.042,3.913.325.743,3.992.940.664,3.830.693.465,3.703.492.659,3.810.789.214,3.904.845.812,3.966.902.972,4.158.422.562,4.198.076.022,4.198.076.022
Luxembourg,LUX,Europe & Central Asia,CO2 emissions (metric tons per capita),2.956.658.374,3.036.175.711,2.917.065.086,293.100.195,268.288.143,2.119.302.539,2.109.964.391,1.964.477.292,178.243.466,1.839.828.097,1.961.952.785,2.065.568.201,220.093.006,2.267.342.686,2.545.323.535,2.560.420.297,2.479.704.354,2.314.617.017,2.255.192.972,2.097.299.341,217.574.405,2.102.838.372,2.013.387.346,1.868.006.408,1.734.616.222,1.602.867.977,1.520.582.045,1.509.216.281,1.533.020.757,1.530.642.656,1.530.642.656
Latvia,LVA,Europe & Central Asia,CO2 emissions (metric tons per capita),7.051.796.913,6.489.143.324,5.343.608.975,4.587.853.891,4.054.361.771,3.621.648.768,3.666.742.362,3.506.174.443,3.373.417.388,3.158.358.858,2.927.076.514,3.149.107.682,3.181.579.866,3.317.373.005,3.367.030.096,3.443.810.739,3.696.429.298,3.876.699.912,3.724.758.973,3.436.572.194,4.061.872.255,3.835.493.313,3.721.147.063,3.701.592.882,3.651.352.159,3.701.593.036,3.648.821.173,3.665.855.177,4.042.188.179,3.955.435.862,3.955.435.862
"Macao SAR, China",MAC,East Asia & Pacific,CO2 emissions (metric tons per capita),,,,,,,,,,,,,,,,,,,,,,,,,,,,,,,
St. Martin (French part),MAF,Latin America & Caribbean,CO2 emissions (metric tons per capita),,,,,,,,,,,,,,,,,,,,,,,,,,,,,,,
Morocco,MAR,Middle East & North Africa,CO2 emissions (metric tons per capita),866.674.748,91.526.633,967.663.773,978.008.048,1.042.337.759,1.066.523.229,1.040.043.425,1.077.299.946,1.089.630.485,1.131.591.273,1.141.917.571,1.245.265.322,1.272.120.189,1.250.718.366,136.110.692,1.430.937.324,1.460.816.566,1.487.308.731,1.542.007.758,1.526.820.983,1.600.327.236,1.706.431.503,1.747.192.709,1.708.106.064,1.716.465.376,1.742.749.914,171.723.308,1.785.209.569,1.802.987.555,1.959.872.285,1.959.872.285
Monaco,MCO,Europe & Central Asia,CO2 emissions (metric tons per capita),,,,,,,,,,,,,,,,,,,,,,,,,,,,,,,
Moldova,MDA,Europe & Central Asia,CO2 emissions (metric tons per capita),102.825.876,8.267.454.158,6.825.365.369,5.855.813.131,4.770.134.505,4.112.038.484,3.529.729.999,3.263.471.871,2.947.852.992,2.508.759.325,2.294.971.959,2.406.374.218,2.466.926.631,2.677.168.603,2.687.255.676,2.832.301.219,2.770.741.944,2.832.852.436,2.841.737.072,2.667.275.485,2.900.589.865,2.916.254.254,2.846.693.444,251.163.813,2.698.682.174,2.829.393.394,2.904.891.689,2.925.422.215,3.153.369.697,3.324.610.168,3.324.610.168
Madagascar,MDG,Sub-Saharan Africa,CO2 emissions (metric tons per capita),76.733.088,79.545.775,78.040.291,78.892.544,9.260.291,101.666.718,94.226.322,98.969.463,110.069.755,109.275.143,104.650.238,102.700.134,6.680.536,89.703.541,92.681.049,93.255.492,86.863.187,8.850.687,89.015.683,82.162.021,88.409.221,100.717.581,122.613.506,127.606.246,127.596.996,135.346.585,127.739.729,135.703.195,12.755.921,152.766.255,152.766.255
Maldives,MDV,South Asia,CO2 emissions (metric tons per capita),716.977.581,696.430.359,973.458.444,824.415.901,804.563.484,1.023.042.055,1.080.338.609,1.288.679.331,1.154.798.935,1.572.085.609,1.646.408.682,1.676.510.344,2.107.517.395,1.751.018.304,2.409.522.433,2.252.787.914,2.656.577.793,2.595.682.231,2.533.134.579,2.575.051.504,2.624.887.153,2.654.450.911,2.869.866.616,2.719.012.867,3.149.294.983,3.011.558.239,3.701.328.042,3.746.993.369,4.072.103.192,3.973.956.262,3.973.956.262
Mexico,MEX,Latin America & Caribbean,CO2 emissions (metric tons per capita),3.211.459.758,33.679.239,3.349.750.726,3.392.592.466,3.621.484.603,3.347.468.763,3.464.414.786,3.619.874.761,3.801.311.841,3.643.438.938,383.397.972,3.777.038.684,379.604.559,3.925.940.997,3.962.113.262,4.077.064.206,4.167.900.165,4.187.211.587,4.146.991.471,3.986.790.881,4.056.954.882,4.134.993.377,4.147.972.825,4.003.630.132,3.840.633.659,3.870.316.544,3.837.647.208,3.779.372.436,358.639.514,3.521.600.048,3.521.600.048
Marshall Islands,MHL,East Asia & Pacific,CO2 emissions (metric tons per capita),,,1.624.629.381,1.806.213.374,1.792.328.833,1.783.803.068,1.781.366.902,1.783.838.424,1.985.860.672,198.341.862,1.970.288.056,2.139.619.926,2.291.475.659,2.057.420.731,2.386.371.893,2.533.615.661,2.510.535.293,2.497.948.125,2.314.567.447,2.488.667.685,2.483.987.165,2.476.824.015,2.468.613.355,2.459.030.801,2.623.157.336,2.611.238.875,3.118.341.166,3.100.615.079,3.081.558.706,3.061.693.238,3.061.693.238
North Macedonia,MKD,Europe & Central Asia,CO2 emissions (metric tons per capita),4.303.137.233,4.204.075.244,4.294.351.118,4.455.591.263,4.314.449.166,4.295.959.328,5.056.696.831,4.502.047.956,4.901.562.772,4.506.375.853,4.323.043.897,4.383.546.564,4.143.242.276,4.509.631.983,4.349.229.415,4.531.495.635,4.519.102.898,4.746.620.875,4.631.398.117,4.325.413.431,4.204.371.545,4.624.639.348,4.390.978.645,3.943.737.473,3.724.356.864,3.579.319.286,3.522.333.131,3.755.118.077,351.601.022,3.996.737.213,3.996.737.213
tokyo,MLI,Sub-Saharan Africa,CO2 emissions (metric tons per capita),1.183.444,1.158.007,1.129.901,1.100.452,107.125,1.043.225,0,990.652,,,128.808.907,142.836.826,12.051.418,11.683.518,119.653.221,129.153.365,143.145.185,151.632.184,147.375.805,172.136.787,18.472.556,201.100.982,194.624.453,19.574.642,199.595.937,209.303.734,259.943.425,279.812.002,286.721.356,29.657.102,29.657.102
Malta,MLT,Middle East & North Africa,CO2 emissions (metric tons per capita),6.522.291.555,6.074.015.034,5.902.866.563,7.567.841.253,669.695.862,6.305.988.835,6.106.789.855,6.452.607.297,6.151.258.672,6.218.103.195,546.032.039,6.335.426.484,5.859.044.353,6.548.213.153,6.479.459.874,6.512.577.233,6.538.237.823,6.687.581.821,6.644.209.959,6.085.187.757,6.248.371.356,6.173.907.034,6.475.758.827,5.563.811.012,5.430.805.313,3.729.892.769,2.964.713.376,3.247.870.147,3.198.316.143,3.293.245.606,3.293.245.606
Myanmar,MMR,East Asia & Pacific,CO2 emissions (metric tons per capita),98.705.248,95.965.184,100.939.382,112.147.375,130.234.082,158.080.806,164.446.293,161.013.705,173.422.241,188.605.397,202.056.101,176.812.683,173.996.307,217.865.792,209.000.441,218.999.293,20.222.694,20.938.514,158.222.646,149.053.636,160.669.313,17.042.352,232.622.809,262.282.625,325.932.191,361.422.537,412.101.397,60.881.351,613.312.795,679.428.523,679.428.523
Montenegro,MNE,Europe & Central Asia,CO2 emissions (metric tons per capita),3.166.373.117,2.240.139.679,2.432.146.402,2.114.164.905,2.060.881.043,2.174.225.779,2.536.812.422,2.739.860.874,2.896.346.982,1.996.696.375,2.512.604.347,2.749.473.566,2.902.457.711,308.688.854,3.325.980.246,3.255.944.948,3.544.571.467,3.409.782.674,4.360.024.664,2.830.368.724,416.513.287,409.625.219,3.754.425.023,3.654.176.435,3.570.222.461,3.793.242.395,3.454.908.775,3.647.330.429,4.017.826.292,4.179.875.994,4.179.875.994
Mongolia,MNG,East Asia & Pacific,CO2 emissions (metric tons per capita),593.826.675,6.654.889.856,5.732.127.774,5.235.958.353,4.525.373.003,4.473.422.085,3.751.234.044,3.647.660.018,3.629.545.263,3.623.389.675,3.754.040.286,3.707.233.528,392.917.514,3.771.116.497,3.829.523.873,4.377.720.656,4.853.735.335,5.019.625.678,4.928.000.758,5.101.365.454,5.261.219.125,5.677.968.414,6.067.905.096,6.377.995.554,6.163.032.906,5.769.680.109,5.944.984.219,6.288.160.891,679.764.812,7.153.120.086,7.153.120.086
Northern Mariana Islands,MNP,East Asia & Pacific,CO2 emissions (metric tons per capita),,,,,,,,,,,,,,,,,,,,,,,,,,,,,,,
Mozambique,MOZ,Sub-Saharan Africa,CO2 emissions (metric tons per capita),86.238.147,70.528.058,79.675.509,89.764.421,73.588.194,75.565.399,72.679.678,78.672.088,73.748.304,7.132.843,80.736.566,77.379.485,83.670.206,9.828.723,95.929.046,83.439.354,88.234.843,102.891.487,100.553.963,108.758.711,113.889.571,138.501.288,14.801.305,164.314.407,184.887.949,204.126.905,26.158.888,251.666.665,235.625.091,246.986.412,246.986.412
Mauritania,MRT,Sub-Saharan Africa,CO2 emissions (metric tons per capita),462.064.731,469.367.991,47.138,477.590.108,474.391.715,505.698.837,51.835.307,505.430.917,496.751.685,507.498.485,482.849.894,518.057.064,557.935.865,517.998.712,557.966.222,499.305.929,555.929.037,621.387.214,576.414.856,692.519.115,686.852.526,68.359.045,736.532.985,678.454.997,737.745.687,879.815.244,782.989.056,81.492.894,838.005.587,872.793.555,872.793.555
Mauritius,MUS,Sub-Saharan Africa,CO2 emissions (metric tons per capita),1.095.605.771,1.167.933.953,1.217.216.981,1.339.561.535,1.356.881.365,1.380.899.224,1.419.758.094,1.410.800.812,1.542.543.611,1.871.915.063,2.047.396.815,2.148.313.908,216.665.648,2.266.415.026,2.268.626.679,2.409.925.014,2.674.238.776,2.742.753.963,2.789.117.802,2.741.639.064,2.927.063.408,2.906.410.475,2.970.024.269,3.034.990.528,3.132.598.572,3.136.372.847,3.197.535.651,3.297.451.534,3.264.040.403,3.294.591.006,3.294.591.006
Malawi,MWI,Sub-Saharan Africa,CO2 emissions (metric tons per capita),58.482.648,6.666.416,65.042.504,74.147.802,75.930.962,76.185.306,73.831.789,75.012.864,71.074.249,72.782.048,63.684.264,5.948.215,58.051.867,62.499.047,62.592.276,6.019.349,60.121.661,62.210.458,69.930.583,69.365.009,61.212.099,62.156.976,61.704.298,61.871.473,52.180.694,55.537.956,65.096.398,67.345.051,76.061.492,77.836.684,77.836.684
Malaysia,MYS,East Asia & Pacific,CO2 emissions (metric tons per capita),3.029.425.024,3.515.129.989,353.476.829,3.748.543.552,3.991.488.828,4.212.791.305,4.693.205.258,4.916.803.438,4.779.185.487,5.050.462.037,5.361.673.228,5.460.347.212,5.633.584.028,5.850.077.034,6.282.887.624,651.677.658,664.454.285,7.108.435.391,7.450.065.403,6.559.572.504,7.097.979.384,707.620.238,7.080.248.362,7.589.690.457,7.923.564.998,7.814.088.295,7.689.838.122,7.317.875.576,7.752.148.815,7.927.126.037,7.927.126.037
Namibia,NAM,Sub-Saharan Africa,CO2 emissions (metric tons per capita),,758.602.519,804.244.831,906.695.269,1.030.263.358,1.087.313.084,1.154.277.621,1.160.168.643,1.166.527.588,1.122.537.434,1.081.031.081,1.348.930.479,1.150.406.836,1.208.016.751,1.247.551.478,1.305.256.713,1.283.405.301,1.305.745.823,1.443.685.051,1.451.198.166,1.477.197.645,1.544.026.991,1.608.363.844,1.696.883.716,1.737.465.854,1.814.332.366,1.751.451.675,1.777.224.301,1.727.729.453,1.691.705.428,1.691.705.428
New Caledonia,NCL,East Asia & Pacific,CO2 emissions (metric tons per capita),,,,,,,,,,,,,,,,,,,,,,,,,,,,,,,
Niger,NER,Sub-Saharan Africa,CO2 emissions (metric tons per capita),7.101.395,65.148.631,58.365.034,64.331.929,59.989.206,55.846.561,62.076.405,60.914.527,63.532.883,59.469.775,59.126.893,57.014.658,57.424.174,60.088.632,60.186.287,55.781.969,53.026.134,55.837.755,56.390.068,68.168.346,8.321.173,82.384.979,106.208.361,106.461.818,11.174.531,105.491.223,101.497.009,88.416.149,86.887.436,92.232.251,92.232.251
Nigeria,NGA,Sub-Saharan Africa,CO2 emissions (metric tons per capita),764.290.772,838.865.429,916.617.756,839.721.221,743.919.145,798.252.208,905.675.443,869.487.341,762.553.136,729.665.939,795.035.466,813.037.008,717.284.684,765.727.934,729.601.662,710.906.213,622.779.937,554.325.672,578.493.505,498.623.213,568.190.395,583.519.875,570.117.077,629.519.877,650.945.533,594.907.347,595.987.612,56.844.006,561.021.958,573.636.206,573.636.206
Nicaragua,NIC,Latin America & Caribbean,CO2 emissions (metric tons per capita),462.448.798,449.904.747,51.323.011,492.997.641,554.945.043,569.624.811,594.739.592,625.562.126,716.810.551,709.270.872,743.690.956,763.793.914,777.878.504,861.659.269,844.372.659,797.986.014,82.520.869,840.777.159,794.009.849,764.071.157,774.374.196,808.058.902,783.949.275,737.324.175,774.899.292,846.826.583,853.430.475,858.282.658,79.034.855,800.549.594,800.549.594
Netherlands,NLD,Europe & Central Asia,CO2 emissions (metric tons per capita),9.924.081.247,102.529.576,1.009.275.057,1.034.311.274,1.022.308.107,1.061.581.838,111.792.938,1.065.362.429,1.061.487.117,1.021.054.272,10.178.636,1.041.493.988,1.036.786.976,1.049.965.052,1.057.132.609,1.028.991.121,1.001.462.043,1.004.474.769,1.004.646.055,9.708.786.357,1.029.828.126,9.511.130.441,9.398.409.929,9.348.128.895,8.881.703.067,9.292.250.246,9.309.281.866,9.092.131.413,8.783.850.008,8.437.074.627,8.437.074.627
Norway,NOR,Europe & Central Asia,CO2 emissions (metric tons per capita),691.033.516,6.412.885.653,7.045.537.737,7.520.887.683,7.934.763.835,7.889.091.169,7.897.134.573,8.294.823.544,8.550.221.778,889.752.893,7.635.326.646,7.692.050.359,7.573.555.473,814.264.597,813.169.251,7.862.364.379,7.981.673.212,8.016.303.569,773.245.798,7.751.527.071,8.469.598.181,7.995.012.096,766.951.117,7.776.167.641,7.613.049.325,7.610.906.295,7.404.691.495,7.148.044.335,7.076.542.655,6.722.269.985,6.722.269.985
Nepal,NPL,South Asia,CO2 emissions (metric tons per capita),49.721.033,60.807.484,61.690.247,68.814.146,82.696.086,88.060.506,88.726.517,96.967.992,100.616.384,132.709.649,13.449.675,142.111.305,1.128.384,120.410.447,110.545.761,123.909.964,100.511.426,101.961.197,112.125.361,144.326.283,171.767.827,192.299.009,222.311.476,226.252.797,264.996.837,266.148.113,38.183.016,451.639.097,540.651.882,470.136.453,470.136.453
Nauru,NRU,East Asia & Pacific,CO2 emissions (metric tons per capita),1.367.557.332,1.331.148.884,1.196.410.768,1.069.310.781,1.048.018.293,1.035.196.687,9.365.926.758,9.395.847.036,9.463.423.867,8.613.264.427,8.708.272.859,7.828.554.653,7.919.223.739,7.007.007.037,7.066.424.419,7.108.042.272,508.802.287,4.062.563.387,4.048.582.905,4.022.121.579,3.996.403.148,3.972.589.046,3.946.329.825,4.898.119.195,4.859.558.824,5.783.689.865,572.847.037,6.618.133.714,5.619.029.655,5.574.135.884,5.574.135.884
New Zealand,NZL,East Asia & Pacific,CO2 emissions (metric tons per capita),6.700.102.108,6.474.778.976,6.903.191.098,6.707.351.212,6.693.370.166,6.623.291.773,6.808.681.672,7.322.878.375,7.124.508.519,7.460.040.155,7.634.082.484,814.843.448,7.987.843.717,8.293.603.875,8.034.250.802,8.280.316.298,8.189.552.277,7.876.793.517,8.021.502.927,7.244.456.858,7.136.782.411,6.909.215.537,7.284.317.645,7.179.036.805,7.078.489.829,7.003.080.396,6.616.321.362,6.841.033.801,6.603.273.193,6.830.414.187,6.830.414.187
Oman,OMN,Middle East & North Africa,CO2 emissions (metric tons per capita),6.577.792.886,8.300.941.882,7.522.921.717,7.325.880.047,7.535.784.504,8.560.668.921,8.664.736.401,8.898.730.931,8.668.393.536,9.747.669.296,1.107.156.038,1.221.372.582,1.283.588.708,1.328.492.122,1.278.253.668,1.234.841.248,151.854.899,1.590.418.587,1.501.659.837,1.515.548.722,1.547.953.576,1.649.286.886,1.730.973.775,1.673.659.016,1.648.517.399,1.643.412.074,1.610.326.029,1.541.601.824,1.565.387.186,1.528.243.639,1.528.243.639
Pakistan,PAK,South Asia,CO2 emissions (metric tons per capita),548.361.744,544.418.959,588.002.264,629.875.234,63.350.157,668.461.106,673.894.593,681.838.478,668.850.768,712.499.673,691.074.356,683.936.764,684.254.166,690.167.072,757.349.952,758.995.364,80.769.342,871.590.759,828.201.836,826.887.879,783.727.323,772.880.261,767.887.129,763.669.285,789.739.106,823.008.136,889.401.339,956.344.699,882.587.328,879.965.499,879.965.499
Panama,PAN,Latin America & Caribbean,CO2 emissions (metric tons per capita),1.088.651.877,1.236.566.704,1.413.071.454,1.445.095.498,1.505.150.483,1.591.434.287,157.708.908,1.625.841.347,1.964.071.231,1.686.189.102,1.742.382.768,2.013.178.877,1.717.899.288,1.723.248.273,171.593.431,2.137.995.571,2.208.349.617,2.165.811.399,2.076.102.578,2.430.700.533,2.522.860.045,2.695.280.284,2.774.068.569,2.672.439.484,2.758.047.289,269.623.958,2.667.774.513,2.466.662.344,2.408.503.314,3.141.454.996,3.141.454.996
Peru,PER,Latin America & Caribbean,CO2 emissions (metric tons per capita),946.019.228,899.993.575,915.668.698,931.300.166,945.017.704,1.055.591.698,1.133.562.187,1.109.041.596,1.051.131.282,1.114.720.115,1.082.012.872,990.324.781,1.023.210.818,992.246.987,1.130.891.406,1.122.868.144,1.097.428.645,1.193.306.099,1.340.577.361,1.429.878.097,1.550.244.456,1.654.916.644,1.630.811.042,1.670.921.723,176.701.033,1.790.242.082,1.838.580.302,1.725.909.058,1.706.509.986,1.745.591.927,1.745.591.927
Philippines,PHL,East Asia & Pacific,CO2 emissions (metric tons per capita),663.702.849,640.613.627,677.021.163,717.783.418,755.490.772,88.487.222,941.433.601,1.024.087.359,993.946.741,937.820.251,92.445.667,884.617.322,879.613.728,88.655.329,887.020.622,888.142.335,790.431.773,818.965.455,826.714.801,825.631.075,871.903.845,86.460.139,886.510.244,965.899.617,1.013.001.909,1.087.126.793,1.176.495.411,1.269.338.141,1.299.279.851,1.345.029.057,1.345.029.057
Palau,PLW,East Asia & Pacific,CO2 emissions (metric tons per capita),,,1.261.113.563,1.228.124.041,119.510.009,1.165.637.021,1.136.428.206,1.110.124.334,1.086.425.118,1.065.359.825,1.099.246.231,1.134.605.467,1.120.048.869,1.110.438.112,1.158.048.458,1.314.193.239,1.279.099.514,1.252.674.955,1.122.514.397,1.093.493.729,116.965.575,1.183.231.877,1.247.519.131,1.249.786.961,1.248.226.944,1.188.791.358,1.410.994.469,1.459.935.934,1.395.790.296,1.388.811.733,1.388.811.733
Papua New Guinea,PNG,East Asia & Pacific,CO2 emissions (metric tons per capita),470.119.976,461.322.646,45.076.564,446.550.077,406.659.423,410.637.002,419.625.844,440.639.199,474.760.054,454.850.331,483.960.059,567.399.438,591.937.078,655.592.497,779.006.515,759.056.846,719.133.232,74.171.961,68.231.992,704.011.101,686.682.408,690.560.024,640.806.964,672.796.447,741.185.071,802.933.312,926.041.651,901.868.436,878.423.813,863.707.514,863.707.514
Poland,POL,Europe & Central Asia,CO2 emissions (metric tons per capita),9.189.263.028,9.193.594.772,8.950.395.696,894.455.034,8.814.909.778,880.943.173,9.199.373.349,8.916.766.668,8.235.419.879,7.992.184.018,773.080.499,7.676.987.465,7.515.492.328,7.793.047.036,7.905.511.788,7.895.886.085,8.234.912.499,8.220.760.788,8.087.182.909,7.791.547.049,8.247.028.077,8.159.838.047,7.969.647.665,7.841.704.806,7.516.889.481,7.610.089.275,7.895.688.724,8.238.615.375,8.213.615.723,7.773.641.839,7.773.641.839
Puerto Rico,PRI,Latin America & Caribbean,CO2 emissions (metric tons per capita),,,,,,,,,,,,,,,,,,,,,,,,,,,,,,,
"Korea, Dem. People's Rep.",PRK,East Asia & Pacific,CO2 emissions (metric tons per capita),6.077.448.065,5.693.587.281,5.000.141.613,4.547.670.648,4.112.989.451,3.815.701.001,3.346.835.235,3.023.022.384,2.704.027.386,2.928.979.076,3.132.267.246,3.215.754.891,3.050.628.348,3.089.739.908,313.153.895,3.245.877.438,328.166.461,2.713.291.792,2.995.868.919,2.266.220.325,210.274.697,1.503.644.026,1.551.572.969,1.108.325.444,1.246.318.841,996.671.213,1.185.411.613,2.134.895.546,1.977.721.253,218.341.993,218.341.993
Portugal,PRT,Europe & Central Asia,CO2 emissions (metric tons per capita),4.113.903.954,4.294.075.391,4.699.324.611,4.595.232.659,4.734.012.075,5.055.766.027,4.843.031.237,5.038.096.338,5.472.335.376,6.088.378.078,599.228.486,5.923.154.167,6.295.808.218,578.650.313,592.625.189,6.233.261.377,574.494.832,5.577.179.172,538.350.514,5.327.278.898,4.817.886.772,4.723.629.222,4.585.897.919,4.452.394.369,4.415.895.252,4.812.669.696,4.722.311.267,5.177.519.279,4.813.385.529,4.339.768.426,4.339.768.426
Paraguay,PRY,Latin America & Caribbean,CO2 emissions (metric tons per capita),49.012.493,46.604.472,555.678.165,619.029.493,715.801.818,791.318.441,76.110.383,822.313.137,835.969.803,818.580.669,661.256.139,665.015.855,683.302.363,699.451.793,69.277.746,635.291.843,667.995.676,620.162.281,710.374.922,741.405.323,80.665.593,824.126.215,806.663.826,814.097.994,853.091.846,952.345.908,1.059.328.573,1.173.719.578,1.217.641.784,1.165.425.232,1.165.425.232
West Bank and Gaza,PSE,Middle East & North Africa,CO2 emissions (metric tons per capita),,,,,,,,,,,,,,,,,,,,,,,,,,,,,,,
French Polynesia,PYF,East Asia & Pacific,CO2 emissions (metric tons per capita),,,,,,,,,,,,,,,,,,,,,,,,,,,,,,,
Qatar,QAT,Middle East & North Africa,CO2 emissions (metric tons per capita),2.632.932.654,3.073.741.059,2.963.244.066,3.312.202.505,3.646.626.328,3.710.217.413,4.007.417.742,4.742.957.483,480.450.209,5.083.385.044,4.837.400.227,4.658.438.114,5.071.215.469,5.095.403.383,4.920.805.129,4.453.380.584,4.279.830.768,4.089.652.419,3.691.870.848,3.267.180.019,3.263.430.234,334.944.129,3.418.822.184,325.989.398,3.320.589.511,3.304.351.032,3.274.588.827,3.212.798.967,310.675.333,3.247.446.876,3.247.446.876
Romania,ROU,Europe & Central Asia,CO2 emissions (metric tons per capita),7.440.359.782,620.664.484,5.536.037.017,5.170.608.102,5.066.384.997,5.328.802.734,5.491.400.063,5.037.248.861,4.422.556.478,378.203.314,3.966.498.018,4.302.825.279,4.313.753.256,4.548.925.394,4.444.859.154,4.442.373.285,4.683.454.099,4.632.001.472,4.646.050.196,3.962.688.135,383.367.893,4.172.223.886,4.080.658.872,3.607.441.144,3.593.353.578,3.700.112.058,3.633.591.827,3.788.405.676,386.105.157,3.817.434.477,3.817.434.477
Russian Federation,RUS,Europe & Central Asia,CO2 emissions (metric tons per capita),1.462.146.834,1.439.705.709,1.367.197.153,1.266.513.195,1.135.417.901,1.102.262.056,1.080.709.102,1.007.001.565,1.007.626.532,1.035.031.973,1.066.769.032,1.073.577.044,1.077.267.705,1.113.042.089,1.111.272.164,1.123.183.738,1.156.836.194,1.161.127.902,1.159.564.597,1.083.213.407,1.132.541.814,1.188.499.702,1.170.209.407,1.137.700.677,1.120.820.257,1.105.201.007,1.088.744.577,1.103.519.747,1.149.657.125,1.179.720.293,1.179.720.293
Rwanda,RWA,Sub-Saharan Africa,CO2 emissions (metric tons per capita),75.457.378,7.058.231,74.601.935,8.142.077,79.174.523,78.814.493,79.825.555,79.440.514,73.246.395,70.655.004,68.064.184,68.034.236,66.452.587,64.273.662,64.512.294,62.215.648,60.818.225,62.542.059,5.879.554,60.310.114,59.764.899,66.062.179,71.092.285,74.919.961,77.591.916,86.198.815,99.410.144,99.324.266,104.861.259,105.330.369,105.330.369
Saudi Arabia,SAU,Middle East & North Africa,CO2 emissions (metric tons per capita),1.055.884.314,112.045.202,1.169.031.249,1.144.269.558,1.132.945.089,1.098.944.728,114.348.952,1.133.964.215,1.182.310.273,1.186.063.692,1.208.197.508,1.198.388.163,1.248.548.405,1.268.355.031,1.296.390.807,1.323.848.219,1.369.237.149,1.408.083.313,1.505.376.806,1.526.569.182,1.626.936.986,1.640.642.066,1.689.149.679,1.674.461.002,1.748.316.332,1.781.940.147,1.729.871.828,164.667.833,1.546.639.077,1.528.457.873,1.528.457.873
Sudan,SDN,Sub-Saharan Africa,CO2 emissions (metric tons per capita),266.533.092,229.759.152,208.791.938,142.490.378,201.384.281,187.177.775,173.913.858,206.186.281,183.352.105,199.425.295,208.615.803,223.445.097,268.596.325,269.173.818,292.246.796,339.262.193,407.430.716,431.388.535,452.196.556,458.208.051,475.321.853,450.357.737,436.539.089,410.546.299,42.446.012,480.940.393,530.272.531,513.556.825,499.024.787,481.626.765,481.626.765
Senegal,SEN,Sub-Saharan Africa,CO2 emissions (metric tons per capita),309.580.822,300.431.835,321.648.442,305.102.295,308.471.769,317.600.779,328.738.032,35.155.444,385.118.301,413.848.586,414.381.656,444.395.643,445.365.248,425.936.778,498.608.417,511.265.752,4.893.575,530.500.422,536.456.559,540.733.711,554.497.627,580.797.008,555.887.582,581.174.786,604.596.606,637.241.954,675.625.481,6.355.649,642.096.144,651.679.184,651.679.184
Singapore,SGP,East Asia & Pacific,CO2 emissions (metric tons per capita),9.507.300.635,9.719.040.931,9.722.357.212,1.091.302.746,1.110.835.531,1.066.248.717,1.049.389.981,1.005.258.641,9.434.171.256,9.548.533.706,1.045.709.574,1.015.705.126,9.887.570.712,9.273.782.135,9.508.805.829,8.650.271.986,8.445.106.954,834.459.514,7.939.006.886,7.785.350.075,8.353.799.225,8.636.708.162,822.409.727,8.132.743.535,8.117.411.688,8.207.765.834,8.221.450.295,8.755.841.796,8.406.228.967,8.307.079.491,8.307.079.491
Solomon Islands,SLB,East Asia & Pacific,CO2 emissions (metric tons per capita),480.971.177,498.782.659,515.145.271,530.189.896,543.987.082,556.675.091,568.309.442,552.634.488,563.089.004,572.720.572,581.585.548,589.693.572,597.105.395,60.400.525,676.045.531,723.530.496,706.734.354,690.870.158,635.720.317,640.550.355,644.108.967,646.326.454,629.421.677,682.618.921,579.138.418,513.982.824,581.171.989,550.288.499,551.423.307,537.457.043,537.457.043
Sierra Leone,SLE,Sub-Saharan Africa,CO2 emissions (metric tons per capita),74.078.138,7.818.495,73.601.677,76.230.693,81.210.642,55.762.691,71.881.391,53.052.906,57.058.293,44.819.193,71.980.578,92.552.296,100.689.319,105.747.392,97.534.129,7.970.768,101.213.876,83.477.457,84.778.933,82.898.446,87.286.748,112.749.227,128.117.541,151.515.698,163.884.125,126.883.934,126.895.832,12.552.703,112.416.113,115.189.573,115.189.573
El Salvador,SLV,Latin America & Caribbean,CO2 emissions (metric tons per capita),451.606.562,574.670.687,618.500.323,713.963.338,801.881.941,881.213.488,771.536.727,925.815.065,977.963.229,959.821.956,956.193.433,990.382.826,996.286.745,1.086.072.535,1.108.934.347,113.018.176,1.190.907.939,124.962.947,1.126.918.203,1.084.824.479,1.057.588.947,1.091.687.798,1.085.297.312,1.030.948.242,1.046.841.993,1.106.698.196,1.128.043.665,998.728.283,1.060.625.402,1.208.637.136,1.208.637.136
San Marino,SMR,Europe & Central Asia,CO2 emissions (metric tons per capita),,,,,,,,,,,,,,,,,,,,,,,,,,,,,,,
Somalia,SOM,Sub-Saharan Africa,CO2 emissions (metric tons per capita),101.036.818,9.760.757,93.209.675,87.481.123,85.451.629,80.089.198,74.192.831,6.930.337,63.144.622,58.454.954,55.228.381,55.514.923,59.991.569,59.090.743,57.254.256,55.519.094,53.883.794,55.956.063,54.399.384,52.058.039,52.308.698,50.903.722,4.954.588,49.756.151,48.422.285,47.110.993,46.525.942,45.239.054,43.975.888,4.468.071,4.468.071
Serbia,SRB,Europe & Central Asia,CO2 emissions (metric tons per capita),8.161.086.211,6.872.367.238,62.761.364,5.548.551.318,5.029.323.282,5.842.349.414,6.780.178.094,7.412.623.259,742.757.585,5.306.083.854,5.852.577.835,5.997.254.857,6.480.338.727,6.971.374.525,7.550.423.832,681.246.772,7.152.331.486,6.971.408.026,6.779.387.321,6.402.299.491,6.459.632.708,7.081.738.796,6.360.537.735,6.486.480.319,5.463.794.101,6.397.117.589,6.604.969.132,674.276.565,6.606.418.045,6.616.046.939,6.616.046.939
South Sudan,SSD,Sub-Saharan Africa,CO2 emissions (metric tons per capita),78.286.865,75.643.258,67.854.766,48.209.388,66.518.357,70.338.822,70.855.097,8.315.389,68.881.057,70.779.948,74.200.777,82.198.694,100.176.058,108.136.711,131.700.176,120.754.825,126.463.707,140.707.119,141.926.252,141.102.992,137.773.316,130.204.423,140.404.329,14.002.857,144.956.615,18.384.314,1.597.043,139.311.838,141.218.175,153.677.683,153.677.683
Sao Tome and Principe,STP,Sub-Saharan Africa,CO2 emissions (metric tons per capita),419.424.382,410.007.462,321.094.289,314.797.035,386.321.141,379.711.268,373.694.871,368.104.483,362.699.938,357.234.717,351.459.259,345.399.282,40.691.759,465.410.061,455.326.015,508.026.812,494.816.783,481.066.996,525.940.578,51.172.128,554.409.784,541.943.743,636.962.946,624.752.688,613.098.843,601.687.721,639.697.646,676.047.635,6.634.065,697.518.721,697.518.721
Suriname,SUR,Latin America & Caribbean,CO2 emissions (metric tons per capita),4.343.866.387,4.963.572.222,4.873.317.517,4.812.769.258,475.753.794,4.730.101.324,4.707.646.244,4.689.925.468,4.632.066.075,4.619.880.528,3.142.624.176,3.189.431.232,2.322.552.827,2.520.812.109,2.815.589.017,3.383.647.687,3.027.952.098,2.758.318.417,2.823.318.362,2.771.867.737,3.288.441.712,3.643.654.431,4.508.108.234,4.184.215.025,4.735.413.094,4.864.648.366,5.222.320.459,4.382.113.265,3.836.892.218,4.558.253.785,4.558.253.785
Slovak Republic,SVK,Europe & Central Asia,CO2 emissions (metric tons per capita),1.034.309.603,9.039.664.782,8.689.888.965,8.322.528.005,7.799.741.542,7.901.903.749,784.797.448,7.852.074.131,7.680.155.295,7.535.183.339,7.064.757.493,7.172.514.212,708.027.204,7.133.321.044,6.967.246.738,7.169.436.843,7.048.132.949,6.919.556.134,6.896.893.753,6.295.477.884,6.571.542.883,6.320.409.762,5.982.344.127,6.081.213.422,5.617.636.524,5.669.455.793,580.025.256,6.173.666.031,6.058.635.474,5.698.416.255,5.698.416.255
Slovenia,SVN,Europe & Central Asia,CO2 emissions (metric tons per capita),6.771.226.142,6.371.819.154,6.426.252.368,6.808.097.016,6.841.110.803,7.271.824.519,7.688.718.051,7.920.618.584,7.821.847.581,7.518.740.119,7.310.481.793,7.720.650.984,7.781.282.035,7.721.473.688,7.861.745.352,7.958.113.965,8.117.126.246,8.066.906.107,8.588.464.451,7.604.175.103,770.288.523,7.647.930.119,7.349.942.268,7.063.268.041,6.357.966.448,6.367.726.166,6.731.097.778,6.833.179.386,6.784.338.879,6.512.209.378,6.512.209.378
Sweden,SWE,Europe & Central Asia,CO2 emissions (metric tons per capita),6.233.324.979,6.294.260.143,6.547.019.076,6.480.427.217,6.661.165.994,6.596.850.845,719.941.346,6.486.502.129,6.593.624.611,6.464.305.092,6.005.336.499,5.901.555.313,6.052.689.599,6.161.932.315,5.958.727.462,5.560.617.833,5.385.163.218,5.152.987.026,5.005.620.235,4.611.489.154,5.132.155.515,4.717.853.416,4.426.761.612,4.222.750.051,4.030.482.516,3.999.311.639,3.908.058.712,3.807.034.265,3.538.991.742,3.405.037.919,3.405.037.919
Eswatini,SWZ,Sub-Saharan Africa,CO2 emissions (metric tons per capita),680.914.809,662.512.555,66.897.733,664.634.462,672.085.956,679.731.905,486.511.984,612.404.195,632.703.419,684.032.371,68.627.217,601.810.562,60.840.741,615.958.603,613.863.369,640.419.209,627.355.577,633.001.864,600.029.711,66.196.231,610.419.749,615.655.011,630.046.751,690.072.071,684.917.746,697.439.745,754.043.535,791.246.138,800.863.195,836.140.045,836.140.045
Sint Maarten (Dutch part),SXM,Latin America & Caribbean,CO2 emissions (metric tons per capita),,,,,,,,,,,,,,,,,,,,,,,,,,,,,,,
Seychelles,SYC,Sub-Saharan Africa,CO2 emissions (metric tons per capita),2.158.056.023,2.413.435.739,2.543.702.217,2.629.648.596,2.829.997.979,2.655.901.413,3.140.662.418,3.621.360.856,3.678.055.957,3.855.241.885,3.574.465.987,3.940.789.636,4.180.452.134,4.107.222.715,4.607.456.747,4.586.159.396,4.609.928.909,4.704.056.142,4.830.028.829,5.154.757.132,49.014.147,4.688.875.887,486.959.681,4.669.312.465,514.453.966,5.459.274.778,6.126.091.694,605.156.332,5.994.088.416,6.248.399.634,6.248.399.634
Syrian Arab Republic,SYR,Middle East & North Africa,CO2 emissions (metric tons per capita),2.602.407.424,279.117.312,2.665.368.686,2.645.027.959,2.683.777.468,2.717.230.104,284.801.264,2.772.266.632,2.860.972.995,2.739.479.325,2.705.527.631,2.667.811.008,2.591.218.285,2.548.346.582,2.600.429.127,3.116.357.851,3.159.094.769,3.199.475.612,315.911.159,2.862.414.613,2.859.678.544,2.699.957.327,2.301.008.788,1.568.049.344,1.422.180.088,1.404.090.869,1.508.110.224,1.716.224.159,1.616.400.069,1.506.139.442,1.506.139.442
Turks and Caicos Islands,TCA,Latin America & Caribbean,CO2 emissions (metric tons per capita),,,,,,,,,,,,,,,,,,,,,,,,,,,,,,,
Chad,TCD,Sub-Saharan Africa,CO2 emissions (metric tons per capita),65.400.579,64.965.808,64.498.459,62.462.627,63.411.943,62.766.051,62.060.628,62.637.486,60.488.648,6.084.287,34.707.038,39.179.313,44.349.704,48.005.565,46.226.095,47.540.614,48.770.588,46.219.132,48.285.038,68.338.263,103.747.164,88.989.667,145.485.857,165.652.672,165.403.428,169.371.768,151.768.434,143.173.358,141.493.648,141.093.412,141.093.412
Togo,TGO,Sub-Saharan Africa,CO2 emissions (metric tons per capita),259.650.108,240.745.659,19.007.061,156.364.636,220.840.821,231.881.699,312.729.373,169.418.038,259.042.136,357.706.536,257.899.125,233.083.151,257.839.084,343.299.082,325.544.047,311.851.627,27.243.319,253.362.971,258.078.651,451.139.356,409.550.549,382.053.257,330.685.538,251.627.635,222.751.569,249.892.061,306.260.273,268.884.378,292.809.244,293.231.207,293.231.207
Thailand,THA,East Asia & Pacific,CO2 emissions (metric tons per capita),1.577.490.201,1.713.537.757,1.867.290.884,2.103.611.326,2.327.972.141,2.619.592.168,290.552.882,2.924.403.912,2.545.907.896,2.629.113.359,2.612.916.672,2.725.247.206,2.875.645.602,2.973.360.002,3.233.926.034,3.328.992.526,3.341.004.691,339.351.756,3.420.662.101,3.294.009.621,3.488.055.559,3.459.798.792,3.695.384.563,3.825.693.042,3.752.260.164,3.841.982.798,379.288.134,3.739.642.995,3.702.372.341,3.836.090.019,3.836.090.019
Tajikistan,TJK,Europe & Central Asia,CO2 emissions (metric tons per capita),2.085.615.856,1.883.111.545,139.754.911,924.317.359,535.289.582,435.400.602,382.817.379,422.672.489,459.568.354,415.055.467,353.906.622,340.270.095,331.421.531,333.254.361,390.250.273,363.806.796,388.582.894,462.997.899,421.641.055,327.234.384,325.477.725,332.575.202,38.349.995,397.033.077,554.961.272,579.605.995,702.943.087,829.929.708,953.757.415,1.010.618.692,1.010.618.692
Turkmenistan,TKM,Europe & Central Asia,CO2 emissions (metric tons per capita),1.212.005.066,9.973.112.973,7.205.418.269,6.724.362.713,8.152.890.388,8.077.776.703,7.139.630.031,7.003.243.305,7.214.266.665,8.439.067.981,8.527.216.235,8.571.265.184,8.982.611.315,9.955.426.851,1.049.667.069,1.064.010.576,1.079.392.259,1.200.786.333,1.201.029.603,1.046.136.004,1.163.309.332,12.649.601,131.000.823,1.308.518.099,1.306.179.464,1.318.890.729,129.521.708,126.995.887,1.248.525.493,1.226.335.409,1.226.335.409
Timor-Leste,TLS,East Asia & Pacific,CO2 emissions (metric tons per capita),,,,,,,,,,,,,1.842.421,179.493.408,20.578.482,211.027.698,196.765.764,192.977.922,198.971.406,214.095.692,219.475.321,224.587.074,264.783.303,398.859.616,451.320.002,434.675.741,492.090.082,490.645.572,481.082.052,479.460.533,479.460.533
Tonga,TON,East Asia & Pacific,CO2 emissions (metric tons per capita),841.494.073,944.951.335,838.592.004,941.856.084,940.055.777,1.041.970.575,831.022.053,931.474.524,927.490.828,1.128.494.486,1.020.803.985,913.872.586,100.986.641,1.204.928.129,1.297.223.893,1.288.302.169,1.474.723.302,1.267.340.585,1.257.447.915,1.347.488.384,1.154.056.965,106.220.668,1.070.705.492,1.179.152.556,1.088.860.947,1.190.712.416,1.483.048.812,1.764.671.351,1.550.402.586,1.531.144.401,1.531.144.401
Trinidad and Tobago,TTO,Latin America & Caribbean,CO2 emissions (metric tons per capita),1.076.879.359,1.061.745.591,1.063.326.554,8.620.100.434,7.034.661.916,6.872.907.032,7.307.877.956,7.691.465.093,7.862.414.094,7.832.730.846,8.049.502.864,9.137.899.714,9.927.889.936,1.203.679.739,1.247.950.794,1.356.732.808,1.540.053.638,1.566.739.272,1.523.071.679,1.441.418.595,161.578.858,1.665.943.228,1.600.221.329,164.067.872,1.617.808.289,1.556.557.092,1.329.158.773,1.318.584.454,1.279.283.075,1.232.285.487,1.232.285.487
Tunisia,TUN,Middle East & North Africa,CO2 emissions (metric tons per capita),1.764.025.978,1.783.372.772,1.870.242.766,1.865.634.735,1.830.971.655,1.838.823.504,1.868.929.957,1.903.115.863,1.962.173.584,2.045.022.321,213.218.584,2.202.387.911,2.199.313.652,2.161.829.096,2.243.002.992,2.272.732.152,234.285.906,2.401.809.887,2.424.521.757,2.402.692.699,2.587.622.613,2.452.086.578,2.562.000.447,2.542.694.244,2.707.174.624,2.726.308.867,2.619.440.246,2.620.384.095,2.584.476.847,2.557.564.208,2.557.564.208
Turkiye,TUR,Europe & Central Asia,CO2 emissions (metric tons per capita),2.581.518.206,2.622.145.146,2.687.046.317,2.746.152.562,2.672.146.507,2.875.024.751,3.118.979.737,3.203.938.424,315.817.802,3.092.921.327,3.421.874.278,3.080.901.847,3.194.548.471,3.316.114.188,3.351.692.121,3.460.795.614,3.797.151.008,4.152.950.584,4.078.325.237,4.035.674.599,4.107.871.448,432.606.106,440.556.459,4.190.557.931,4.410.763.561,4.477.175.913,4.692.471.511,5.127.196.626,5.000.359.011,475.658.475,475.658.475
Tuvalu,TUV,East Asia & Pacific,CO2 emissions (metric tons per capita),1.122.334.456,11.093.854,1.097.694.841,1.087.665.869,1.080.030.241,1.075.500.108,1.073.306.858,1.072.041.166,1.071.581.655,1.070.205.479,1.064.735.945,105.507.491,1.042.426.746,1.028.383.358,1.013.068.562,1.000.300.068,988.337.594,97.856.931,969.461.927,960.338.018,950.479.971,941.087.877,930.752.027,921.743.919,911.327.784,90.098.205,89.031.337,879.894.393,86.918.729,858.000.839,858.000.839
Tanzania,TZA,Sub-Saharan Africa,CO2 emissions (metric tons per capita),74.988.549,71.766.832,68.988.017,68.848.781,66.336.376,92.076.907,100.839.156,92.649.428,84.262.093,77.106.098,88.061.865,91.025.817,101.033.569,10.347.358,1.359.024,147.202.921,152.976.088,145.275.175,145.267.073,137.670.596,155.818.269,179.316.146,209.763.309,222.964.152,214.369.082,227.066.833,21.112.464,216.427.465,213.092.987,21.463.496,21.463.496
Uganda,UGA,Sub-Saharan Africa,CO2 emissions (metric tons per capita),4.552.161,45.116.466,44.177.064,42.240.331,36.880.718,46.538.612,49.921.986,51.257.442,56.525.595,56.203.258,54.967.918,53.302.775,592.039,60.429.831,60.772.595,72.964.779,83.999.867,97.333.218,97.595.491,106.968.566,102.688.512,111.719.254,109.379.114,103.377.218,111.347.325,123.477.949,12.484.497,125.587.286,137.143.292,132.370.788,132.370.788
Ukraine,UKR,Europe & Central Asia,CO2 emissions (metric tons per capita),1.327.040.704,1.253.699.484,1.101.889.918,9.569.138.661,8.005.754.853,7.750.500.846,6.778.787.962,648.764.888,6.167.974.554,6.154.728.832,604.719.734,6.176.226.409,6.305.486.056,6.906.706.612,6.472.697.367,627.128.609,6.497.208.272,6.711.338.281,6.511.279.813,5.463.665.486,5.862.560.917,6.199.174.358,6.077.860.784,5.941.351.514,525.113.054,4.231.515.591,4.480.868.101,3.902.198.828,4.159.783.074,3.936.583.531,3.936.583.531
Uruguay,URY,Latin America & Caribbean,CO2 emissions (metric tons per capita),123.810.216,1.395.427.405,1.512.145.189,1.412.956.528,1.333.896.048,1.454.590.567,1.678.274.475,1.700.223.659,175.627.679,2.049.573.686,1.644.710.088,1.488.510.951,1.361.977.618,1.350.919.896,1.643.842.557,1.631.646.008,1.903.528.662,1.755.832.412,2.320.205.759,228.977.372,1.869.452.173,2.258.880.169,2.521.474.843,2.171.452.753,1.911.517.895,1.946.065.231,1.904.128.302,1.774.986.914,1.896.042.363,1.874.784.543,1.874.784.543
United States,USA,North America,CO2 emissions (metric tons per capita),1.940.734.628,1.900.340.342,1.902.286.035,192.183.334,1.925.621.185,1.921.690.864,195.753.803,2.033.085.525,2.026.630.029,2.010.113.245,2.046.980.666,2.017.153.061,19.445.549,1.950.649.945,195.976.305,1.946.926.248,1.894.591.375,1.904.291.352,1.827.849.449,1.680.869.862,1.743.173.849,1.660.421.817,1.578.978.264,1.611.118.443,1.604.092.103,1.556.003.496,151.498.852,1.482.326.087,1.522.254.765,1.467.341.061,1.467.341.061
Uzbekistan,UZB,Europe & Central Asia,CO2 emissions (metric tons per capita),5.742.077.036,5.659.602.902,5.272.040.655,5.222.404.521,4.865.710.328,4.307.658.547,4.288.482.239,4.256.137.238,4.833.894.641,4.791.529.987,502.263.655,5.035.159.998,5.139.710.761,4.768.134.876,4.826.720.808,4.554.973.915,4.808.169.683,4.562.304.668,4.720.395.157,4.196.647.824,4.419.796.581,4.384.207.069,3.799.895.864,3.698.682.699,3.409.552.819,3.168.481.901,3.304.142.608,3.381.745.391,3.412.721.809,347.554.445,347.554.445
St. Vincent and the Grenadines,VCT,Latin America & Caribbean,CO2 emissions (metric tons per capita),744.262.204,835.096.314,1.111.718.439,1.203.302.603,1.295.588.521,1.388.336.125,1.389.107.545,1.482.923.212,1.762.408.749,1.763.128.346,1.484.409.066,1.853.688.376,2.127.758.029,2.123.299.091,2.303.722.816,2.301.665.485,2.301.983.389,2.488.112.451,2.306.251.787,8.218.444.273,2.309.255.496,2.492.729.638,3.319.961.399,2.117.395.826,2.480.067.703,2.290.740.826,2.375.144.934,2.094.221.807,2.268.396.697,2.350.962.452,2.350.962.452
"Venezuela, RB",VEN,Latin America & Caribbean,CO2 emissions (metric tons per capita),5.176.576.894,5.025.299.664,5.015.640.373,5.109.697.434,4.960.755.178,5.199.924.655,544.277.249,5.586.804.265,5.552.080.555,5.284.788.205,5.436.407.038,5.509.916.612,5.607.478.795,5.313.556.754,537.031.892,5.575.723.505,5.494.560.701,5.225.781.139,5.467.902.249,5.443.613.924,5.770.054.176,5.540.040.739,6.169.104.327,6.058.551.223,5.966.120.779,5.422.875.575,5.060.760.015,4.789.392.164,4.574.011.483,3.939.566.209,3.939.566.209
British Virgin Islands,VGB,Latin America & Caribbean,CO2 emissions (metric tons per capita),,,,,,,,,,,,,,,,,,,,,,,,,,,,,,,
Virgin Islands (U.S.),VIR,Latin America & Caribbean,CO2 emissions (metric tons per capita),,,,,,,,,,,,,,,,,,,,,,,,,,,,,,,
Vietnam,VNM,East Asia & Pacific,CO2 emissions (metric tons per capita),284.311.304,285.150.749,293.580.361,335.268.281,362.247.903,419.167.085,460.504.544,529.473.607,582.085.202,587.201.728,640.842.656,702.480.107,815.606.604,861.465.129,102.392.387,1.101.837.882,1.121.162.316,1.230.865.213,1.363.466.232,151.896.401,1.721.200.863,1.755.008.127,1.731.811.457,1.810.416.624,197.211.212,2.380.847.445,238.913.885,2.436.029.922,2.989.137.469,3.488.312.636,3.488.312.636
Vanuatu,VUT,East Asia & Pacific,CO2 emissions (metric tons per capita),477.571.209,46.444.353,386.657.731,375.603.313,365.568.337,416.267.743,524.105.963,514.529.748,449.471.029,496.527.069,486.581.173,475.664.477,412.526.354,45.235.225,342.930.489,334.476.927,326.524.521,501.221.154,445.037.835,564.618.384,550.343.733,535.733.399,480.952.275,428.620.968,606.317.818,516.361.278,646.723.652,595.448.677,71.751.941,70.027.542,70.027.542
Samoa,WSM,East Asia & Pacific,CO2 emissions (metric tons per capita),55.283.574,609.756.098,604.266.119,658.221.486,592.806.881,705.674.802,759.501.066,755.528.434,867.859.684,864.025.437,859.825.513,912.231.889,963.664.202,957.849.019,1.063.847.644,1.168.471.269,1.105.742.135,1.098.629.476,927.593.178,975.329.619,1.021.813.006,1.066.843.067,1.057.703.002,1.048.701.723,1.092.498.145,1.240.245.954,1.542.099.372,1.586.830.344,1.478.626.161,1.522.124.134,1.522.124.134
"Yemen, Rep.",YEM,Middle East & North Africa,CO2 emissions (metric tons per capita),56.703.735,690.937.429,704.793.064,627.104.927,653.255.714,706.080.534,698.158.168,728.607.666,757.432.719,830.912.449,863.343.024,89.684.502,872.385.373,984.988.137,1.004.600.958,1.049.861.435,1.059.569.463,1.093.385.887,1.106.332.654,1.180.025.411,1.098.257.856,963.978.488,858.490.955,1.106.687.715,1.062.211.282,511.361.652,399.363.829,359.621.635,341.068.402,380.633.361,380.633.361
South Africa,ZAF,Sub-Saharan Africa,CO2 emissions (metric tons per capita),6.729.798.587,6.424.621.766,6.175.429.944,6.219.193.872,6.215.847.077,6.378.789.568,6.489.191.889,6.723.589.319,67.874.237,6.279.185.804,6.330.319.712,703.381.727,71.790.564,7.557.705.904,8.035.040.258,7.887.328.758,7.832.423.319,8.083.507.514,8.572.609.815,8.007.605.605,8.304.084.027,7.869.815.906,8.077.957.969,8.138.264.312,8.212.241.156,7.669.937.662,7.563.739.495,7.641.675.086,7.515.678.605,7.507.736.092,7.507.736.092
Zambia,ZMB,Sub-Saharan Africa,CO2 emissions (metric tons per capita),340.929.635,349.232.211,33.722.439,289.956.061,241.269.619,234.153.214,188.442.077,238.601.068,219.936.727,173.560.366,173.772.089,172.088.112,174.995.603,184.778.179,182.673.836,193.147.169,179.077.245,158.362.527,170.447.505,188.420.224,195.502.192,217.496.732,27.860.069,284.057.568,304.549.552,312.354.964,325.114.844,404.067.778,445.489.133,380.717.051,380.717.051
Zimbabwe,ZWE,Sub-Saharan Africa,CO2 emissions (metric tons per capita),1.585.443.976,1.713.321.439,1.694.415.977,1.539.740.958,1.417.186.242,135.661.892,1.287.559.412,1.186.792.976,1.197.744.563,1.338.101.327,1.153.054.813,1.165.725.392,104.481.292,849.592.242,812.818.036,870.271.087,808.687.685,796.349.864,613.915.535,618.665.464,756.040.796,88.488.553,915.734.944,919.824.123,889.104.126,899.769.991,78.544.084,726.297.071,857.411.269,80.297.852,80.297.852
